# Weekly cases of chicken pox in Ontario; Canada; 1924-89,,,,
# Missing data for 1970,,,,
# Note: the weekly chickenpox cases were not reported - to Statistics Canada - between 1959-1986.  Weekly chickenpox cases for Ontario were obtained from spreadsheets held by the Ontario Ministry of Health.,,,,
# When using this dataset please acknowledge the valuable help given by: Richard Trudeau (Chief of Health Statistics; Statistics Canada) who gave us access to data held by Statistics Canada; Glen Gagnon (Reference Librarian) for assistance in finding data at Statistics Canada; and Angie Fazzone who helped by finding data in the Ontario Ministry of Health archives.,,,,
year,month,day,numdate,cases
1924,1,5,1924.013699,0
1924,1,12,1924.032877,0
1924,1,19,1924.052055,0
1924,1,26,1924.071233,0
1924,2,2,1924.090411,0
1924,2,9,1924.109589,0
1924,2,16,1924.128767,0
1924,2,23,1924.147945,0
1924,3,1,1924.167123,0
1924,3,8,1924.186301,0
1924,3,15,1924.205479,0
1924,3,22,1924.224658,0
1924,3,29,1924.243836,0
1924,4,5,1924.263014,0
1924,4,12,1924.282192,0
1924,4,19,1924.30137,0
1924,4,26,1924.320548,0
1924,5,3,1924.339726,0
1924,5,10,1924.358904,0
1924,5,17,1924.378082,0
1924,5,24,1924.39726,0
1924,5,31,1924.416438,0
1924,6,7,1924.435616,0
1924,6,14,1924.454795,0
1924,6,21,1924.473973,0
1924,6,28,1924.493151,0
1924,7,5,1924.512329,56
1924,7,12,1924.531507,47
1924,7,19,1924.550685,30
1924,7,26,1924.569863,46
1924,8,2,1924.589041,52
1924,8,9,1924.608219,24
1924,8,16,1924.627397,24
1924,8,23,1924.646575,21
1924,8,30,1924.665753,17
1924,9,6,1924.684932,36
1924,9,13,1924.70411,16
1924,9,20,1924.723288,19
1924,9,27,1924.742466,25
1924,10,4,1924.761644,43
1924,10,11,1924.780822,91
1924,10,18,1924.8,123
1924,10,25,1924.819178,123
1924,11,1,1924.838356,115
1924,11,8,1924.857534,90
1924,11,15,1924.876712,442
1924,11,22,1924.89589,209
1924,11,29,1924.915068,245
1924,12,6,1924.934247,275
1924,12,13,1924.953425,282
1924,12,20,1924.972603,190
1924,12,27,1924.991781,109
1925,1,3,1925.008219,157
1925,1,10,1925.027397,247
1925,1,17,1925.046575,171
1925,1,24,1925.065753,230
1925,1,31,1925.084932,122
1925,2,7,1925.10411,159
1925,2,14,1925.123288,105
1925,2,21,1925.142466,159
1925,2,28,1925.161644,111
1925,3,7,1925.180822,130
1925,3,14,1925.2,95
1925,3,21,1925.219178,92
1925,3,28,1925.238356,62
1925,4,4,1925.257534,53
1925,4,11,1925.276712,57
1925,4,18,1925.29589,33
1925,4,25,1925.315068,62
1925,5,2,1925.334247,53
1925,5,9,1925.353425,51
1925,5,16,1925.372603,88
1925,5,23,1925.391781,52
1925,5,30,1925.410959,119
1925,6,6,1925.430137,116
1925,6,13,1925.449315,140
1925,6,20,1925.468493,159
1925,6,27,1925.487671,42
1925,7,4,1925.506849,95
1925,7,11,1925.526027,89
1925,7,18,1925.545205,89
1925,7,25,1925.564384,57
1925,8,1,1925.583562,53
1925,8,8,1925.60274,23
1925,8,15,1925.621918,29
1925,8,22,1925.641096,7
1925,8,29,1925.660274,21
1925,9,5,1925.679452,28
1925,9,12,1925.69863,19
1925,9,19,1925.717808,10
1925,9,26,1925.736986,31
1925,10,3,1925.756164,38
1925,10,10,1925.775342,62
1925,10,17,1925.794521,52
1925,10,24,1925.813699,26
1925,10,31,1925.832877,282
1925,11,7,1925.852055,40
1925,11,14,1925.871233,172
1925,11,21,1925.890411,337
1925,11,28,1925.909589,310
1925,12,5,1925.928767,101
1925,12,12,1925.947945,306
1925,12,19,1925.967123,70
1925,12,26,1925.986301,120
1926,1,2,1926.005479,117
1926,1,9,1926.024658,98
1926,1,16,1926.043836,239
1926,1,23,1926.063014,267
1926,1,30,1926.082192,289
1926,2,6,1926.10137,153
1926,2,13,1926.120548,142
1926,2,20,1926.139726,158
1926,2,27,1926.158904,332
1926,3,6,1926.178082,63
1926,3,13,1926.19726,172
1926,3,20,1926.216438,173
1926,3,27,1926.235616,232
1926,4,3,1926.254795,87
1926,4,10,1926.273973,52
1926,4,17,1926.293151,140
1926,4,24,1926.312329,116
1926,5,1,1926.331507,72
1926,5,8,1926.350685,119
1926,5,15,1926.369863,48
1926,5,22,1926.389041,82
1926,5,29,1926.408219,92
1926,6,5,1926.427397,106
1926,6,12,1926.446575,167
1926,6,19,1926.465753,115
1926,6,26,1926.484932,66
1926,7,3,1926.50411,167
1926,7,10,1926.523288,109
1926,7,17,1926.542466,75
1926,7,24,1926.561644,70
1926,7,31,1926.580822,82
1926,8,7,1926.6,58
1926,8,14,1926.619178,39
1926,8,21,1926.638356,16
1926,8,28,1926.657534,23
1926,9,4,1926.676712,4
1926,9,11,1926.69589,25
1926,9,18,1926.715068,24
1926,9,25,1926.734247,70
1926,10,2,1926.753425,37
1926,10,9,1926.772603,53
1926,10,16,1926.791781,119
1926,10,23,1926.810959,137
1926,10,30,1926.830137,198
1926,11,6,1926.849315,228
1926,11,13,1926.868493,281
1926,11,20,1926.887671,364
1926,11,27,1926.906849,654
1926,12,4,1926.926027,227
1926,12,11,1926.945205,453
1926,12,18,1926.964384,300
1926,12,25,1926.983562,267
1927,1,1,1927.00274,142
1927,1,8,1927.021918,169
1927,1,15,1927.041096,286
1927,1,22,1927.060274,285
1927,1,29,1927.079452,391
1927,2,5,1927.09863,167
1927,2,12,1927.117808,108
1927,2,19,1927.136986,180
1927,2,26,1927.156164,186
1927,3,5,1927.175342,170
1927,3,12,1927.194521,139
1927,3,19,1927.213699,124
1927,3,26,1927.232877,135
1927,4,2,1927.252055,135
1927,4,9,1927.271233,68
1927,4,16,1927.290411,136
1927,4,23,1927.309589,140
1927,4,30,1927.328767,144
1927,5,7,1927.347945,178
1927,5,14,1927.367123,110
1927,5,21,1927.386301,195
1927,5,28,1927.405479,136
1927,6,4,1927.424658,192
1927,6,11,1927.443836,197
1927,6,18,1927.463014,271
1927,6,25,1927.482192,191
1927,7,2,1927.50137,90
1927,7,9,1927.520548,176
1927,7,16,1927.539726,90
1927,7,23,1927.558904,113
1927,7,30,1927.578082,81
1927,8,6,1927.59726,64
1927,8,13,1927.616438,35
1927,8,20,1927.635616,41
1927,8,27,1927.654795,29
1927,9,3,1927.673973,25
1927,9,10,1927.693151,43
1927,9,17,1927.712329,51
1927,9,24,1927.731507,31
1927,10,1,1927.750685,43
1927,10,8,1927.769863,103
1927,10,15,1927.789041,91
1927,10,22,1927.808219,136
1927,10,29,1927.827397,198
1927,11,5,1927.846575,227
1927,11,12,1927.865753,215
1927,11,19,1927.884932,315
1927,11,26,1927.90411,323
1927,12,3,1927.923288,314
1927,12,10,1927.942466,302
1927,12,17,1927.961644,283
1927,12,24,1927.980822,232
1927,12,31,1928,175
1928,1,7,1928.019178,258
1928,1,14,1928.038356,252
1928,1,21,1928.057534,263
1928,1,28,1928.076712,368
1928,2,4,1928.09589,222
1928,2,11,1928.115068,197
1928,2,18,1928.134247,175
1928,2,25,1928.153425,345
1928,3,3,1928.172603,278
1928,3,10,1928.191781,174
1928,3,17,1928.210959,195
1928,3,24,1928.230137,244
1928,3,31,1928.249315,135
1928,4,7,1928.268493,164
1928,4,14,1928.287671,97
1928,4,21,1928.306849,150
1928,4,28,1928.326027,130
1928,5,5,1928.345205,99
1928,5,12,1928.364384,135
1928,5,19,1928.383562,108
1928,5,26,1928.40274,205
1928,6,2,1928.421918,149
1928,6,9,1928.441096,249
1928,6,16,1928.460274,161
1928,6,23,1928.479452,279
1928,6,30,1928.49863,205
1928,7,7,1928.517808,125
1928,7,14,1928.536986,143
1928,7,21,1928.556164,56
1928,7,28,1928.575342,74
1928,8,4,1928.594521,50
1928,8,11,1928.613699,25
1928,8,18,1928.632877,52
1928,8,25,1928.652055,15
1928,9,1,1928.671233,23
1928,9,8,1928.690411,14
1928,9,15,1928.709589,19
1928,9,22,1928.728767,21
1928,9,29,1928.747945,51
1928,10,6,1928.767123,58
1928,10,13,1928.786301,100
1928,10,20,1928.805479,113
1928,10,27,1928.824658,140
1928,11,3,1928.843836,209
1928,11,10,1928.863014,171
1928,11,17,1928.882192,235
1928,11,24,1928.90137,195
1928,12,1,1928.920548,573
1928,12,8,1928.939726,362
1928,12,15,1928.958904,289
1928,12,22,1928.978082,170
1928,12,29,1928.99726,98
1929,1,5,1929.013699,168
1929,1,12,1929.032877,237
1929,1,19,1929.052055,210
1929,1,26,1929.071233,158
1929,2,2,1929.090411,131
1929,2,9,1929.109589,162
1929,2,16,1929.128767,133
1929,2,23,1929.147945,137
1929,3,2,1929.167123,110
1929,3,9,1929.186301,161
1929,3,16,1929.205479,175
1929,3,23,1929.224658,219
1929,3,30,1929.243836,110
1929,4,6,1929.263014,125
1929,4,13,1929.282192,151
1929,4,20,1929.30137,145
1929,4,27,1929.320548,172
1929,5,4,1929.339726,142
1929,5,11,1929.358904,124
1929,5,18,1929.378082,196
1929,5,25,1929.39726,114
1929,6,1,1929.416438,161
1929,6,8,1929.435616,261
1929,6,15,1929.454795,245
1929,6,22,1929.473973,456
1929,6,29,1929.493151,243
1929,7,6,1929.512329,220
1929,7,13,1929.531507,101
1929,7,20,1929.550685,118
1929,7,27,1929.569863,108
1929,8,3,1929.589041,90
1929,8,10,1929.608219,42
1929,8,17,1929.627397,31
1929,8,24,1929.646575,38
1929,8,31,1929.665753,27
1929,9,7,1929.684932,39
1929,9,14,1929.70411,61
1929,9,21,1929.723288,58
1929,9,28,1929.742466,38
1929,10,5,1929.761644,44
1929,10,12,1929.780822,123
1929,10,19,1929.8,153
1929,10,26,1929.819178,267
1929,11,2,1929.838356,296
1929,11,9,1929.857534,326
1929,11,16,1929.876712,458
1929,11,23,1929.89589,467
1929,11,30,1929.915068,518
1929,12,7,1929.934247,511
1929,12,14,1929.953425,378
1929,12,21,1929.972603,406
1929,12,28,1929.991781,255
1930,1,4,1930.010959,268
1930,1,11,1930.030137,307
1930,1,18,1930.049315,340
1930,1,25,1930.068493,268
1930,2,1,1930.087671,152
1930,2,8,1930.106849,154
1930,2,15,1930.126027,266
1930,2,22,1930.145205,223
1930,3,1,1930.164384,213
1930,3,8,1930.183562,322
1930,3,15,1930.20274,242
1930,3,22,1930.221918,211
1930,3,29,1930.241096,201
1930,4,5,1930.260274,323
1930,4,12,1930.279452,181
1930,4,19,1930.29863,180
1930,4,26,1930.317808,152
1930,5,3,1930.336986,142
1930,5,10,1930.356164,202
1930,5,17,1930.375342,144
1930,5,24,1930.394521,189
1930,5,31,1930.413699,144
1930,6,7,1930.432877,264
1930,6,14,1930.452055,180
1930,6,21,1930.471233,231
1930,6,28,1930.490411,161
1930,7,5,1930.509589,276
1930,7,12,1930.528767,89
1930,7,19,1930.547945,121
1930,7,26,1930.567123,70
1930,8,2,1930.586301,31
1930,8,9,1930.605479,93
1930,8,16,1930.624658,55
1930,8,23,1930.643836,29
1930,8,30,1930.663014,10
1930,9,6,1930.682192,27
1930,9,13,1930.70137,22
1930,9,20,1930.720548,27
1930,9,27,1930.739726,26
1930,10,4,1930.758904,38
1930,10,11,1930.778082,85
1930,10,18,1930.79726,90
1930,10,25,1930.816438,167
1930,11,1,1930.835616,161
1930,11,8,1930.854795,163
1930,11,15,1930.873973,212
1930,11,22,1930.893151,350
1930,11,29,1930.912329,479
1930,12,6,1930.931507,384
1930,12,13,1930.950685,343
1930,12,20,1930.969863,339
1930,12,27,1930.989041,130
1931,1,3,1931.008219,238
1931,1,10,1931.027397,483
1931,1,17,1931.046575,232
1931,1,24,1931.065753,604
1931,1,31,1931.084932,270
1931,2,7,1931.10411,155
1931,2,14,1931.123288,343
1931,2,21,1931.142466,261
1931,2,28,1931.161644,269
1931,3,7,1931.180822,230
1931,3,14,1931.2,307
1931,3,21,1931.219178,172
1931,3,28,1931.238356,263
1931,4,4,1931.257534,151
1931,4,11,1931.276712,213
1931,4,18,1931.29589,33
1931,4,25,1931.315068,299
1931,5,2,1931.334247,261
1931,5,9,1931.353425,224
1931,5,16,1931.372603,146
1931,5,23,1931.391781,249
1931,5,30,1931.410959,201
1931,6,6,1931.430137,208
1931,6,13,1931.449315,284
1931,6,20,1931.468493,158
1931,6,27,1931.487671,162
1931,7,4,1931.506849,122
1931,7,11,1931.526027,84
1931,7,18,1931.545205,85
1931,7,25,1931.564384,37
1931,8,1,1931.583562,56
1931,8,8,1931.60274,59
1931,8,15,1931.621918,30
1931,8,22,1931.641096,15
1931,8,29,1931.660274,13
1931,9,5,1931.679452,13
1931,9,12,1931.69863,33
1931,9,19,1931.717808,38
1931,9,26,1931.736986,42
1931,10,3,1931.756164,33
1931,10,10,1931.775342,77
1931,10,17,1931.794521,58
1931,10,24,1931.813699,72
1931,10,31,1931.832877,84
1931,11,7,1931.852055,108
1931,11,14,1931.871233,114
1931,11,21,1931.890411,282
1931,11,28,1931.909589,204
1931,12,5,1931.928767,313
1931,12,12,1931.947945,170
1931,12,19,1931.967123,235
1931,12,26,1931.986301,180
1932,1,2,1932.005479,199
1932,1,9,1932.024658,245
1932,1,16,1932.043836,309
1932,1,23,1932.063014,245
1932,1,30,1932.082192,196
1932,2,6,1932.10137,231
1932,2,13,1932.120548,257
1932,2,20,1932.139726,201
1932,2,27,1932.158904,205
1932,3,5,1932.178082,275
1932,3,12,1932.19726,241
1932,3,19,1932.216438,166
1932,3,26,1932.235616,112
1932,4,2,1932.254795,96
1932,4,9,1932.273973,181
1932,4,16,1932.293151,93
1932,4,23,1932.312329,107
1932,4,30,1932.331507,127
1932,5,7,1932.350685,126
1932,5,14,1932.369863,152
1932,5,21,1932.389041,165
1932,5,28,1932.408219,170
1932,6,4,1932.427397,260
1932,6,11,1932.446575,218
1932,6,18,1932.465753,293
1932,6,25,1932.484932,199
1932,7,2,1932.50411,183
1932,7,9,1932.523288,69
1932,7,16,1932.542466,100
1932,7,23,1932.561644,83
1932,7,30,1932.580822,45
1932,8,6,1932.6,29
1932,8,13,1932.619178,30
1932,8,20,1932.638356,52
1932,8,27,1932.657534,58
1932,9,3,1932.676712,30
1932,9,10,1932.69589,36
1932,9,17,1932.715068,10
1932,9,24,1932.734247,26
1932,10,1,1932.753425,76
1932,10,8,1932.772603,72
1932,10,15,1932.791781,118
1932,10,22,1932.810959,198
1932,10,29,1932.830137,238
1932,11,5,1932.849315,251
1932,11,12,1932.868493,272
1932,11,19,1932.887671,328
1932,11,26,1932.906849,289
1932,12,3,1932.926027,331
1932,12,10,1932.945205,370
1932,12,17,1932.964384,334
1932,12,24,1932.983562,261
1932,12,31,1933.00274,210
1933,1,7,1933.019178,248
1933,1,14,1933.038356,434
1933,1,21,1933.057534,320
1933,1,28,1933.076712,282
1933,2,4,1933.09589,239
1933,2,11,1933.115068,274
1933,2,18,1933.134247,350
1933,2,25,1933.153425,395
1933,3,4,1933.172603,280
1933,3,11,1933.191781,335
1933,3,18,1933.210959,222
1933,3,25,1933.230137,389
1933,4,1,1933.249315,273
1933,4,8,1933.268493,237
1933,4,15,1933.287671,287
1933,4,22,1933.306849,190
1933,4,29,1933.326027,309
1933,5,6,1933.345205,196
1933,5,13,1933.364384,237
1933,5,20,1933.383562,183
1933,5,27,1933.40274,241
1933,6,3,1933.421918,255
1933,6,10,1933.441096,290
1933,6,17,1933.460274,249
1933,6,24,1933.479452,298
1933,7,1,1933.49863,243
1933,7,8,1933.517808,192
1933,7,15,1933.536986,121
1933,7,22,1933.556164,93
1933,7,29,1933.575342,79
1933,8,5,1933.594521,52
1933,8,12,1933.613699,28
1933,8,19,1933.632877,26
1933,8,26,1933.652055,27
1933,9,2,1933.671233,22
1933,9,9,1933.690411,36
1933,9,16,1933.709589,27
1933,9,23,1933.728767,29
1933,9,30,1933.747945,51
1933,10,7,1933.767123,57
1933,10,14,1933.786301,46
1933,10,21,1933.805479,97
1933,10,28,1933.824658,109
1933,11,4,1933.843836,143
1933,11,11,1933.863014,180
1933,11,18,1933.882192,320
1933,11,25,1933.90137,265
1933,12,2,1933.920548,285
1933,12,9,1933.939726,270
1933,12,16,1933.958904,221
1933,12,23,1933.978082,174
1933,12,30,1933.99726,209
1934,1,6,1934.016438,254
1934,1,13,1934.035616,315
1934,1,20,1934.054795,294
1934,1,27,1934.073973,321
1934,2,3,1934.093151,268
1934,2,10,1934.112329,220
1934,2,17,1934.131507,216
1934,2,24,1934.150685,228
1934,3,3,1934.169863,217
1934,3,10,1934.189041,159
1934,3,17,1934.208219,291
1934,3,24,1934.227397,261
1934,3,31,1934.246575,155
1934,4,7,1934.265753,124
1934,4,14,1934.284932,233
1934,4,21,1934.30411,224
1934,4,28,1934.323288,126
1934,5,5,1934.342466,165
1934,5,12,1934.361644,156
1934,5,19,1934.380822,176
1934,5,26,1934.4,148
1934,6,2,1934.419178,147
1934,6,9,1934.438356,316
1934,6,16,1934.457534,253
1934,6,23,1934.476712,216
1934,6,30,1934.49589,261
1934,7,7,1934.515068,167
1934,7,14,1934.534247,163
1934,7,21,1934.553425,118
1934,7,28,1934.572603,90
1934,8,4,1934.591781,75
1934,8,11,1934.610959,46
1934,8,18,1934.630137,28
1934,8,25,1934.649315,28
1934,9,1,1934.668493,20
1934,9,8,1934.687671,32
1934,9,15,1934.706849,60
1934,9,22,1934.726027,60
1934,9,29,1934.745205,149
1934,10,6,1934.764384,102
1934,10,13,1934.783562,128
1934,10,20,1934.80274,159
1934,10,27,1934.821918,181
1934,11,3,1934.841096,345
1934,11,10,1934.860274,174
1934,11,17,1934.879452,479
1934,11,24,1934.89863,478
1934,12,1,1934.917808,438
1934,12,8,1934.936986,480
1934,12,15,1934.956164,475
1934,12,22,1934.975342,287
1934,12,29,1934.994521,323
1935,1,5,1935.013699,171
1935,1,12,1935.032877,426
1935,1,19,1935.052055,332
1935,1,26,1935.071233,303
1935,2,2,1935.090411,405
1935,2,9,1935.109589,339
1935,2,16,1935.128767,430
1935,2,23,1935.147945,264
1935,3,2,1935.167123,254
1935,3,9,1935.186301,263
1935,3,16,1935.205479,239
1935,3,23,1935.224658,211
1935,3,30,1935.243836,253
1935,4,6,1935.263014,183
1935,4,13,1935.282192,196
1935,4,20,1935.30137,211
1935,4,27,1935.320548,166
1935,5,4,1935.339726,158
1935,5,11,1935.358904,224
1935,5,18,1935.378082,193
1935,5,25,1935.39726,216
1935,6,1,1935.416438,352
1935,6,8,1935.435616,249
1935,6,15,1935.454795,276
1935,6,22,1935.473973,334
1935,6,29,1935.493151,259
1935,7,6,1935.512329,265
1935,7,13,1935.531507,126
1935,7,20,1935.550685,243
1935,7,27,1935.569863,230
1935,8,3,1935.589041,99
1935,8,10,1935.608219,33
1935,8,17,1935.627397,32
1935,8,24,1935.646575,33
1935,8,31,1935.665753,36
1935,9,7,1935.684932,8
1935,9,14,1935.70411,29
1935,9,21,1935.723288,45
1935,9,28,1935.742466,54
1935,10,5,1935.761644,104
1935,10,12,1935.780822,176
1935,10,19,1935.8,201
1935,10,26,1935.819178,367
1935,11,2,1935.838356,434
1935,11,9,1935.857534,478
1935,11,16,1935.876712,533
1935,11,23,1935.89589,550
1935,11,30,1935.915068,470
1935,12,7,1935.934247,544
1935,12,14,1935.953425,506
1935,12,21,1935.972603,389
1935,12,28,1935.991781,224
1936,1,4,1936.010959,325
1936,1,11,1936.030137,428
1936,1,18,1936.049315,551
1936,1,25,1936.068493,384
1936,2,1,1936.087671,257
1936,2,8,1936.106849,217
1936,2,15,1936.126027,337
1936,2,22,1936.145205,210
1936,2,29,1936.164384,183
1936,3,7,1936.183562,360
1936,3,14,1936.20274,214
1936,3,21,1936.221918,246
1936,3,28,1936.241096,218
1936,4,4,1936.260274,190
1936,4,11,1936.279452,192
1936,4,18,1936.29863,128
1936,4,25,1936.317808,291
1936,5,2,1936.336986,145
1936,5,9,1936.356164,136
1936,5,16,1936.375342,198
1936,5,23,1936.394521,174
1936,5,30,1936.413699,250
1936,6,6,1936.432877,172
1936,6,13,1936.452055,227
1936,6,20,1936.471233,194
1936,6,27,1936.490411,148
1936,7,4,1936.509589,189
1936,7,11,1936.528767,72
1936,7,18,1936.547945,120
1936,7,25,1936.567123,91
1936,8,1,1936.586301,33
1936,8,8,1936.605479,52
1936,8,15,1936.624658,31
1936,8,22,1936.643836,40
1936,8,29,1936.663014,35
1936,9,5,1936.682192,33
1936,9,12,1936.70137,41
1936,9,19,1936.720548,71
1936,9,26,1936.739726,121
1936,10,3,1936.758904,75
1936,10,10,1936.778082,124
1936,10,17,1936.79726,194
1936,10,24,1936.816438,229
1936,10,31,1936.835616,220
1936,11,7,1936.854795,303
1936,11,14,1936.873973,353
1936,11,21,1936.893151,397
1936,11,28,1936.912329,428
1936,12,5,1936.931507,494
1936,12,12,1936.950685,543
1936,12,19,1936.969863,341
1936,12,26,1936.989041,296
1937,1,2,1937.005479,309
1937,1,9,1937.024658,553
1937,1,16,1937.043836,519
1937,1,23,1937.063014,458
1937,1,30,1937.082192,368
1937,2,6,1937.10137,376
1937,2,13,1937.120548,441
1937,2,20,1937.139726,337
1937,2,27,1937.158904,413
1937,3,6,1937.178082,327
1937,3,13,1937.19726,264
1937,3,20,1937.216438,291
1937,3,27,1937.235616,238
1937,4,3,1937.254795,281
1937,4,10,1937.273973,357
1937,4,17,1937.293151,351
1937,4,24,1937.312329,305
1937,5,1,1937.331507,296
1937,5,8,1937.350685,324
1937,5,15,1937.369863,340
1937,5,22,1937.389041,256
1937,5,29,1937.408219,301
1937,6,5,1937.427397,302
1937,6,12,1937.446575,337
1937,6,19,1937.465753,248
1937,6,26,1937.484932,275
1937,7,3,1937.50411,187
1937,7,10,1937.523288,111
1937,7,17,1937.542466,95
1937,7,24,1937.561644,59
1937,7,31,1937.580822,33
1937,8,7,1937.6,53
1937,8,14,1937.619178,29
1937,8,21,1937.638356,44
1937,8,28,1937.657534,25
1937,9,4,1937.676712,19
1937,9,11,1937.69589,32
1937,9,18,1937.715068,15
1937,9,25,1937.734247,27
1937,10,2,1937.753425,49
1937,10,9,1937.772603,52
1937,10,16,1937.791781,63
1937,10,23,1937.810959,114
1937,10,30,1937.830137,135
1937,11,6,1937.849315,131
1937,11,13,1937.868493,180
1937,11,20,1937.887671,187
1937,11,27,1937.906849,231
1937,12,4,1937.926027,302
1937,12,11,1937.945205,321
1937,12,18,1937.964384,226
1937,12,25,1937.983562,208
1938,1,1,1938.00274,196
1938,1,8,1938.021918,372
1938,1,15,1938.041096,312
1938,1,22,1938.060274,377
1938,1,29,1938.079452,324
1938,2,5,1938.09863,281
1938,2,12,1938.117808,228
1938,2,19,1938.136986,286
1938,2,26,1938.156164,291
1938,3,5,1938.175342,238
1938,3,12,1938.194521,305
1938,3,19,1938.213699,253
1938,3,26,1938.232877,209
1938,4,2,1938.252055,281
1938,4,9,1938.271233,305
1938,4,16,1938.290411,190
1938,4,23,1938.309589,175
1938,4,30,1938.328767,260
1938,5,7,1938.347945,206
1938,5,14,1938.367123,233
1938,5,21,1938.386301,202
1938,5,28,1938.405479,225
1938,6,4,1938.424658,345
1938,6,11,1938.443836,293
1938,6,18,1938.463014,340
1938,6,25,1938.482192,289
1938,7,2,1938.50137,269
1938,7,9,1938.520548,183
1938,7,16,1938.539726,138
1938,7,23,1938.558904,91
1938,7,30,1938.578082,62
1938,8,6,1938.59726,79
1938,8,13,1938.616438,33
1938,8,20,1938.635616,35
1938,8,27,1938.654795,12
1938,9,3,1938.673973,10
1938,9,10,1938.693151,13
1938,9,17,1938.712329,19
1938,9,24,1938.731507,59
1938,10,1,1938.750685,54
1938,10,8,1938.769863,37
1938,10,15,1938.789041,114
1938,10,22,1938.808219,153
1938,10,29,1938.827397,131
1938,11,5,1938.846575,199
1938,11,12,1938.865753,205
1938,11,19,1938.884932,274
1938,11,26,1938.90411,279
1938,12,3,1938.923288,220
1938,12,10,1938.942466,380
1938,12,17,1938.961644,312
1938,12,24,1938.980822,244
1938,12,31,1939,260
1939,1,7,1939.019178,452
1939,1,14,1939.038356,490
1939,1,21,1939.057534,511
1939,1,28,1939.076712,384
1939,2,4,1939.09589,355
1939,2,11,1939.115068,363
1939,2,18,1939.134247,354
1939,2,25,1939.153425,308
1939,3,4,1939.172603,271
1939,3,11,1939.191781,239
1939,3,18,1939.210959,166
1939,3,25,1939.230137,236
1939,4,1,1939.249315,139
1939,4,8,1939.268493,162
1939,4,15,1939.287671,108
1939,4,22,1939.306849,134
1939,4,29,1939.326027,167
1939,5,6,1939.345205,104
1939,5,13,1939.364384,146
1939,5,20,1939.383562,115
1939,5,27,1939.40274,112
1939,6,3,1939.421918,166
1939,6,10,1939.441096,274
1939,6,17,1939.460274,215
1939,6,24,1939.479452,197
1939,7,1,1939.49863,145
1939,7,8,1939.517808,269
1939,7,15,1939.536986,98
1939,7,22,1939.556164,102
1939,7,29,1939.575342,77
1939,8,5,1939.594521,117
1939,8,12,1939.613699,41
1939,8,19,1939.632877,52
1939,8,26,1939.652055,30
1939,9,2,1939.671233,20
1939,9,9,1939.690411,35
1939,9,16,1939.709589,32
1939,9,23,1939.728767,27
1939,9,30,1939.747945,59
1939,10,7,1939.767123,84
1939,10,14,1939.786301,136
1939,10,21,1939.805479,182
1939,10,28,1939.824658,146
1939,11,4,1939.843836,205
1939,11,11,1939.863014,281
1939,11,18,1939.882192,330
1939,11,25,1939.90137,380
1939,12,2,1939.920548,457
1939,12,9,1939.939726,501
1939,12,16,1939.958904,529
1939,12,23,1939.978082,270
1939,12,30,1939.99726,358
1940,1,6,1940.016438,421
1940,1,13,1940.035616,597
1940,1,20,1940.054795,392
1940,1,27,1940.073973,454
1940,2,3,1940.093151,408
1940,2,10,1940.112329,526
1940,2,17,1940.131507,459
1940,2,24,1940.150685,525
1940,3,2,1940.169863,451
1940,3,9,1940.189041,430
1940,3,16,1940.208219,484
1940,3,23,1940.227397,309
1940,3,30,1940.246575,374
1940,4,6,1940.265753,423
1940,4,13,1940.284932,339
1940,4,20,1940.30411,352
1940,4,27,1940.323288,320
1940,5,4,1940.342466,233
1940,5,11,1940.361644,434
1940,5,18,1940.380822,332
1940,5,25,1940.4,300
1940,6,1,1940.419178,432
1940,6,8,1940.438356,439
1940,6,15,1940.457534,463
1940,6,22,1940.476712,402
1940,6,29,1940.49589,204
1940,7,6,1940.515068,301
1940,7,13,1940.534247,204
1940,7,20,1940.553425,156
1940,7,27,1940.572603,151
1940,8,3,1940.591781,160
1940,8,10,1940.610959,102
1940,8,17,1940.630137,77
1940,8,24,1940.649315,59
1940,8,31,1940.668493,25
1940,9,7,1940.687671,38
1940,9,14,1940.706849,43
1940,9,21,1940.726027,41
1940,9,28,1940.745205,100
1940,10,5,1940.764384,97
1940,10,12,1940.783562,91
1940,10,19,1940.80274,163
1940,10,26,1940.821918,213
1940,11,2,1940.841096,251
1940,11,9,1940.860274,311
1940,11,16,1940.879452,248
1940,11,23,1940.89863,456
1940,11,30,1940.917808,415
1940,12,7,1940.936986,534
1940,12,14,1940.956164,484
1940,12,21,1940.975342,398
1940,12,28,1940.994521,372
1941,1,4,1941.010959,311
1941,1,11,1941.030137,454
1941,1,18,1941.049315,501
1941,1,25,1941.068493,343
1941,2,1,1941.087671,334
1941,2,8,1941.106849,307
1941,2,15,1941.126027,400
1941,2,22,1941.145205,210
1941,3,1,1941.164384,413
1941,3,8,1941.183562,294
1941,3,15,1941.20274,242
1941,3,22,1941.221918,301
1941,3,29,1941.241096,193
1941,4,5,1941.260274,147
1941,4,12,1941.279452,174
1941,4,19,1941.29863,215
1941,4,26,1941.317808,205
1941,5,3,1941.336986,164
1941,5,10,1941.356164,120
1941,5,17,1941.375342,207
1941,5,24,1941.394521,130
1941,5,31,1941.413699,216
1941,6,7,1941.432877,292
1941,6,14,1941.452055,239
1941,6,21,1941.471233,360
1941,6,28,1941.490411,184
1941,7,5,1941.509589,159
1941,7,12,1941.528767,126
1941,7,19,1941.547945,83
1941,7,26,1941.567123,61
1941,8,2,1941.586301,70
1941,8,9,1941.605479,63
1941,8,16,1941.624658,26
1941,8,23,1941.643836,24
1941,8,30,1941.663014,15
1941,9,6,1941.682192,31
1941,9,13,1941.70137,37
1941,9,20,1941.720548,50
1941,9,27,1941.739726,97
1941,10,4,1941.758904,68
1941,10,11,1941.778082,99
1941,10,18,1941.79726,211
1941,10,25,1941.816438,145
1941,11,1,1941.835616,347
1941,11,8,1941.854795,229
1941,11,15,1941.873973,457
1941,11,22,1941.893151,513
1941,11,29,1941.912329,336
1941,12,6,1941.931507,728
1941,12,13,1941.950685,497
1941,12,20,1941.969863,541
1941,12,27,1941.989041,288
1942,1,3,1942.008219,321
1942,1,10,1942.027397,496
1942,1,17,1942.046575,455
1942,1,24,1942.065753,566
1942,1,31,1942.084932,551
1942,2,7,1942.10411,335
1942,2,14,1942.123288,297
1942,2,21,1942.142466,427
1942,2,28,1942.161644,308
1942,3,7,1942.180822,288
1942,3,14,1942.2,372
1942,3,21,1942.219178,276
1942,3,28,1942.238356,273
1942,4,4,1942.257534,194
1942,4,11,1942.276712,186
1942,4,18,1942.29589,296
1942,4,25,1942.315068,255
1942,5,2,1942.334247,286
1942,5,9,1942.353425,286
1942,5,16,1942.372603,264
1942,5,23,1942.391781,258
1942,5,30,1942.410959,295
1942,6,6,1942.430137,320
1942,6,13,1942.449315,318
1942,6,20,1942.468493,248
1942,6,27,1942.487671,270
1942,7,4,1942.506849,222
1942,7,11,1942.526027,138
1942,7,18,1942.545205,72
1942,7,25,1942.564384,113
1942,8,1,1942.583562,105
1942,8,8,1942.60274,71
1942,8,15,1942.621918,53
1942,8,22,1942.641096,25
1942,8,29,1942.660274,35
1942,9,5,1942.679452,27
1942,9,12,1942.69863,32
1942,9,19,1942.717808,63
1942,9,26,1942.736986,50
1942,10,3,1942.756164,64
1942,10,10,1942.775342,61
1942,10,17,1942.794521,119
1942,10,24,1942.813699,169
1942,10,31,1942.832877,199
1942,11,7,1942.852055,231
1942,11,14,1942.871233,291
1942,11,21,1942.890411,366
1942,11,28,1942.909589,448
1942,12,5,1942.928767,405
1942,12,12,1942.947945,394
1942,12,19,1942.967123,432
1942,12,26,1942.986301,302
1943,1,2,1943.005479,435
1943,1,9,1943.024658,423
1943,1,16,1943.043836,535
1943,1,23,1943.063014,414
1943,1,30,1943.082192,349
1943,2,6,1943.10137,342
1943,2,13,1943.120548,349
1943,2,20,1943.139726,283
1943,2,27,1943.158904,304
1943,3,6,1943.178082,242
1943,3,13,1943.19726,233
1943,3,20,1943.216438,210
1943,3,27,1943.235616,169
1943,4,3,1943.254795,211
1943,4,10,1943.273973,209
1943,4,17,1943.293151,267
1943,4,24,1943.312329,216
1943,5,1,1943.331507,187
1943,5,8,1943.350685,340
1943,5,15,1943.369863,259
1943,5,22,1943.389041,257
1943,5,29,1943.408219,303
1943,6,5,1943.427397,327
1943,6,12,1943.446575,406
1943,6,19,1943.465753,336
1943,6,26,1943.484932,151
1943,7,3,1943.50411,236
1943,7,10,1943.523288,112
1943,7,17,1943.542466,89
1943,7,24,1943.561644,130
1943,7,31,1943.580822,63
1943,8,7,1943.6,61
1943,8,14,1943.619178,77
1943,8,21,1943.638356,34
1943,8,28,1943.657534,34
1943,9,4,1943.676712,24
1943,9,11,1943.69589,17
1943,9,18,1943.715068,37
1943,9,25,1943.734247,26
1943,10,2,1943.753425,70
1943,10,9,1943.772603,101
1943,10,16,1943.791781,135
1943,10,23,1943.810959,147
1943,10,30,1943.830137,275
1943,11,6,1943.849315,265
1943,11,13,1943.868493,441
1943,11,20,1943.887671,401
1943,11,27,1943.906849,575
1943,12,4,1943.926027,693
1943,12,11,1943.945205,490
1943,12,18,1943.964384,320
1943,12,25,1943.983562,418
1944,1,1,1944.00274,320
1944,1,8,1944.021918,412
1944,1,15,1944.041096,398
1944,1,22,1944.060274,379
1944,1,29,1944.079452,381
1944,2,5,1944.09863,391
1944,2,12,1944.117808,377
1944,2,19,1944.136986,343
1944,2,26,1944.156164,405
1944,3,4,1944.175342,472
1944,3,11,1944.194521,352
1944,3,18,1944.213699,434
1944,3,25,1944.232877,416
1944,4,1,1944.252055,402
1944,4,8,1944.271233,329
1944,4,15,1944.290411,201
1944,4,22,1944.309589,338
1944,4,29,1944.328767,348
1944,5,6,1944.347945,309
1944,5,13,1944.367123,337
1944,5,20,1944.386301,450
1944,5,27,1944.405479,266
1944,6,3,1944.424658,485
1944,6,10,1944.443836,339
1944,6,17,1944.463014,336
1944,6,24,1944.482192,202
1944,7,1,1944.50137,271
1944,7,8,1944.520548,204
1944,7,15,1944.539726,202
1944,7,22,1944.558904,86
1944,7,29,1944.578082,40
1944,8,5,1944.59726,64
1944,8,12,1944.616438,42
1944,8,19,1944.635616,27
1944,8,26,1944.654795,20
1944,9,2,1944.673973,18
1944,9,9,1944.693151,16
1944,9,16,1944.712329,44
1944,9,23,1944.731507,43
1944,9,30,1944.750685,75
1944,10,7,1944.769863,61
1944,10,14,1944.789041,77
1944,10,21,1944.808219,83
1944,10,28,1944.827397,260
1944,11,4,1944.846575,139
1944,11,11,1944.865753,232
1944,11,18,1944.884932,319
1944,11,25,1944.90411,380
1944,12,2,1944.923288,312
1944,12,9,1944.942466,389
1944,12,16,1944.961644,468
1944,12,23,1944.980822,496
1944,12,30,1945,518
1945,1,6,1945.016438,183
1945,1,13,1945.035616,523
1945,1,20,1945.054795,187
1945,1,27,1945.073973,114
1945,2,3,1945.093151,372
1945,2,10,1945.112329,283
1945,2,17,1945.131507,330
1945,2,24,1945.150685,255
1945,3,3,1945.169863,258
1945,3,10,1945.189041,219
1945,3,17,1945.208219,362
1945,3,24,1945.227397,232
1945,3,31,1945.246575,274
1945,4,7,1945.265753,140
1945,4,14,1945.284932,271
1945,4,21,1945.30411,273
1945,4,28,1945.323288,247
1945,5,5,1945.342466,283
1945,5,12,1945.361644,284
1945,5,19,1945.380822,348
1945,5,26,1945.4,231
1945,6,2,1945.419178,393
1945,6,9,1945.438356,375
1945,6,16,1945.457534,339
1945,6,23,1945.476712,382
1945,6,30,1945.49589,261
1945,7,7,1945.515068,203
1945,7,14,1945.534247,172
1945,7,21,1945.553425,104
1945,7,28,1945.572603,112
1945,8,4,1945.591781,50
1945,8,11,1945.610959,48
1945,8,18,1945.630137,60
1945,8,25,1945.649315,38
1945,9,1,1945.668493,34
1945,9,8,1945.687671,42
1945,9,15,1945.706849,37
1945,9,22,1945.726027,43
1945,9,29,1945.745205,35
1945,10,6,1945.764384,61
1945,10,13,1945.783562,128
1945,10,20,1945.80274,138
1945,10,27,1945.821918,151
1945,11,3,1945.841096,224
1945,11,10,1945.860274,260
1945,11,17,1945.879452,286
1945,11,24,1945.89863,406
1945,12,1,1945.917808,361
1945,12,8,1945.936986,381
1945,12,15,1945.956164,269
1945,12,22,1945.975342,308
1945,12,29,1945.994521,399
1946,1,5,1946.013699,353
1946,1,12,1946.032877,489
1946,1,19,1946.052055,503
1946,1,26,1946.071233,325
1946,2,2,1946.090411,642
1946,2,9,1946.109589,271
1946,2,16,1946.128767,231
1946,2,23,1946.147945,322
1946,3,2,1946.167123,280
1946,3,9,1946.186301,216
1946,3,16,1946.205479,212
1946,3,23,1946.224658,270
1946,3,30,1946.243836,247
1946,4,6,1946.263014,232
1946,4,13,1946.282192,192
1946,4,20,1946.30137,186
1946,4,27,1946.320548,207
1946,5,4,1946.339726,256
1946,5,11,1946.358904,277
1946,5,18,1946.378082,322
1946,5,25,1946.39726,232
1946,6,1,1946.416438,618
1946,6,8,1946.435616,311
1946,6,15,1946.454795,429
1946,6,22,1946.473973,357
1946,6,29,1946.493151,323
1946,7,6,1946.512329,246
1946,7,13,1946.531507,208
1946,7,20,1946.550685,198
1946,7,27,1946.569863,142
1946,8,3,1946.589041,118
1946,8,10,1946.608219,81
1946,8,17,1946.627397,72
1946,8,24,1946.646575,44
1946,8,31,1946.665753,44
1946,9,7,1946.684932,166
1946,9,14,1946.70411,65
1946,9,21,1946.723288,73
1946,9,28,1946.742466,103
1946,10,5,1946.761644,99
1946,10,12,1946.780822,111
1946,10,19,1946.8,178
1946,10,26,1946.819178,198
1946,11,2,1946.838356,212
1946,11,9,1946.857534,295
1946,11,16,1946.876712,377
1946,11,23,1946.89589,382
1946,11,30,1946.915068,355
1946,12,7,1946.934247,425
1946,12,14,1946.953425,498
1946,12,21,1946.972603,501
1946,12,28,1946.991781,253
1947,1,4,1947.010959,370
1947,1,11,1947.030137,703
1947,1,18,1947.049315,577
1947,1,25,1947.068493,392
1947,2,1,1947.087671,322
1947,2,8,1947.106849,301
1947,2,15,1947.126027,291
1947,2,22,1947.145205,460
1947,3,1,1947.164384,348
1947,3,8,1947.183562,442
1947,3,15,1947.20274,325
1947,3,22,1947.221918,322
1947,3,29,1947.241096,334
1947,4,5,1947.260274,264
1947,4,12,1947.279452,186
1947,4,19,1947.29863,320
1947,4,26,1947.317808,330
1947,5,3,1947.336986,234
1947,5,10,1947.356164,285
1947,5,17,1947.375342,266
1947,5,24,1947.394521,247
1947,5,31,1947.413699,296
1947,6,7,1947.432877,374
1947,6,14,1947.452055,312
1947,6,21,1947.471233,287
1947,6,28,1947.490411,221
1947,7,5,1947.509589,280
1947,7,12,1947.528767,102
1947,7,19,1947.547945,148
1947,7,26,1947.567123,55
1947,8,2,1947.586301,120
1947,8,9,1947.605479,177
1947,8,16,1947.624658,76
1947,8,23,1947.643836,59
1947,8,30,1947.663014,29
1947,9,6,1947.682192,23
1947,9,13,1947.70137,43
1947,9,20,1947.720548,33
1947,9,27,1947.739726,33
1947,10,4,1947.758904,34
1947,10,11,1947.778082,54
1947,10,18,1947.79726,148
1947,10,25,1947.816438,163
1947,11,1,1947.835616,155
1947,11,8,1947.854795,226
1947,11,15,1947.873973,219
1947,11,22,1947.893151,341
1947,11,29,1947.912329,386
1947,12,6,1947.931507,453
1947,12,13,1947.950685,306
1947,12,20,1947.969863,489
1947,12,27,1947.989041,228
1948,1,3,1948.008219,452
1948,1,10,1948.027397,504
1948,1,17,1948.046575,423
1948,1,24,1948.065753,435
1948,1,31,1948.084932,555
1948,2,7,1948.10411,419
1948,2,14,1948.123288,381
1948,2,21,1948.142466,432
1948,2,28,1948.161644,394
1948,3,6,1948.180822,374
1948,3,13,1948.2,301
1948,3,20,1948.219178,345
1948,3,27,1948.238356,264
1948,4,3,1948.257534,495
1948,4,10,1948.276712,232
1948,4,17,1948.29589,516
1948,4,24,1948.315068,224
1948,5,1,1948.334247,443
1948,5,8,1948.353425,284
1948,5,15,1948.372603,396
1948,5,22,1948.391781,340
1948,5,29,1948.410959,500
1948,6,5,1948.430137,430
1948,6,12,1948.449315,417
1948,6,19,1948.468493,561
1948,6,26,1948.487671,493
1948,7,3,1948.506849,284
1948,7,10,1948.526027,279
1948,7,17,1948.545205,232
1948,7,24,1948.564384,125
1948,7,31,1948.583562,111
1948,8,7,1948.60274,91
1948,8,14,1948.621918,56
1948,8,21,1948.641096,33
1948,8,28,1948.660274,83
1948,9,4,1948.679452,41
1948,9,11,1948.69863,57
1948,9,18,1948.717808,56
1948,9,25,1948.736986,62
1948,10,2,1948.756164,75
1948,10,9,1948.775342,92
1948,10,16,1948.794521,181
1948,10,23,1948.813699,258
1948,10,30,1948.832877,240
1948,11,6,1948.852055,321
1948,11,13,1948.871233,461
1948,11,20,1948.890411,466
1948,11,27,1948.909589,474
1948,12,4,1948.928767,655
1948,12,11,1948.947945,762
1948,12,18,1948.967123,636
1948,12,25,1948.986301,517
1949,1,1,1949.00274,608
1949,1,8,1949.021918,1045
1949,1,15,1949.041096,979
1949,1,22,1949.060274,873
1949,1,29,1949.079452,752
1949,2,5,1949.09863,785
1949,2,12,1949.117808,939
1949,2,19,1949.136986,771
1949,2,26,1949.156164,780
1949,3,5,1949.175342,593
1949,3,12,1949.194521,624
1949,3,19,1949.213699,687
1949,3,26,1949.232877,525
1949,4,2,1949.252055,601
1949,4,9,1949.271233,502
1949,4,16,1949.290411,597
1949,4,23,1949.309589,351
1949,4,30,1949.328767,581
1949,5,7,1949.347945,478
1949,5,14,1949.367123,546
1949,5,21,1949.386301,378
1949,5,28,1949.405479,312
1949,6,4,1949.424658,448
1949,6,11,1949.443836,379
1949,6,18,1949.463014,430
1949,6,25,1949.482192,384
1949,7,2,1949.50137,260
1949,7,9,1949.520548,122
1949,7,16,1949.539726,109
1949,7,23,1949.558904,77
1949,7,30,1949.578082,77
1949,8,6,1949.59726,120
1949,8,13,1949.616438,40
1949,8,20,1949.635616,18
1949,8,27,1949.654795,25
1949,9,3,1949.673973,21
1949,9,10,1949.693151,32
1949,9,17,1949.712329,25
1949,9,24,1949.731507,45
1949,10,1,1949.750685,56
1949,10,8,1949.769863,114
1949,10,15,1949.789041,113
1949,10,22,1949.808219,146
1949,10,29,1949.827397,141
1949,11,5,1949.846575,198
1949,11,12,1949.865753,207
1949,11,19,1949.884932,303
1949,11,26,1949.90411,315
1949,12,3,1949.923288,395
1949,12,10,1949.942466,196
1949,12,17,1949.961644,277
1949,12,24,1949.980822,335
1949,12,31,1950,385
1950,1,7,1950.019178,517
1950,1,14,1950.038356,405
1950,1,21,1950.057534,406
1950,1,28,1950.076712,439
1950,2,4,1950.09589,352
1950,2,11,1950.115068,331
1950,2,18,1950.134247,274
1950,2,25,1950.153425,318
1950,3,4,1950.172603,326
1950,3,11,1950.191781,295
1950,3,18,1950.210959,244
1950,3,25,1950.230137,190
1950,4,1,1950.249315,252
1950,4,8,1950.268493,236
1950,4,15,1950.287671,226
1950,4,22,1950.306849,163
1950,4,29,1950.326027,211
1950,5,6,1950.345205,256
1950,5,13,1950.364384,263
1950,5,20,1950.383562,186
1950,5,27,1950.40274,249
1950,6,3,1950.421918,321
1950,6,10,1950.441096,213
1950,6,17,1950.460274,310
1950,6,24,1950.479452,228
1950,7,1,1950.49863,197
1950,7,8,1950.517808,173
1950,7,15,1950.536986,139
1950,7,22,1950.556164,91
1950,7,29,1950.575342,124
1950,8,5,1950.594521,65
1950,8,12,1950.613699,71
1950,8,19,1950.632877,67
1950,8,26,1950.652055,31
1950,9,2,1950.671233,62
1950,9,9,1950.690411,100
1950,9,16,1950.709589,64
1950,9,23,1950.728767,45
1950,9,30,1950.747945,74
1950,10,7,1950.767123,86
1950,10,14,1950.786301,197
1950,10,21,1950.805479,212
1950,10,28,1950.824658,250
1950,11,4,1950.843836,206
1950,11,11,1950.863014,348
1950,11,18,1950.882192,498
1950,11,25,1950.90137,510
1950,12,2,1950.920548,467
1950,12,9,1950.939726,528
1950,12,16,1950.958904,355
1950,12,23,1950.978082,516
1950,12,30,1950.99726,538
1951,1,6,1951.016438,719
1951,1,13,1951.035616,719
1951,1,20,1951.054795,605
1951,1,27,1951.073973,770
1951,2,3,1951.093151,592
1951,2,10,1951.112329,766
1951,2,17,1951.131507,661
1951,2,24,1951.150685,629
1951,3,3,1951.169863,650
1951,3,10,1951.189041,467
1951,3,17,1951.208219,445
1951,3,24,1951.227397,323
1951,3,31,1951.246575,339
1951,4,7,1951.265753,499
1951,4,14,1951.284932,420
1951,4,21,1951.30411,405
1951,4,28,1951.323288,452
1951,5,5,1951.342466,509
1951,5,12,1951.361644,582
1951,5,19,1951.380822,433
1951,5,26,1951.4,556
1951,6,2,1951.419178,512
1951,6,9,1951.438356,780
1951,6,16,1951.457534,579
1951,6,23,1951.476712,731
1951,6,30,1951.49589,459
1951,7,7,1951.515068,323
1951,7,14,1951.534247,322
1951,7,21,1951.553425,244
1951,7,28,1951.572603,193
1951,8,4,1951.591781,155
1951,8,11,1951.610959,88
1951,8,18,1951.630137,81
1951,8,25,1951.649315,71
1951,9,1,1951.668493,59
1951,9,8,1951.687671,77
1951,9,15,1951.706849,62
1951,9,22,1951.726027,97
1951,9,29,1951.745205,91
1951,10,6,1951.764384,137
1951,10,13,1951.783562,132
1951,10,20,1951.80274,212
1951,10,27,1951.821918,308
1951,11,3,1951.841096,244
1951,11,10,1951.860274,495
1951,11,17,1951.879452,448
1951,11,24,1951.89863,508
1951,12,1,1951.917808,654
1951,12,8,1951.936986,649
1951,12,15,1951.956164,554
1951,12,22,1951.975342,576
1951,12,29,1951.994521,548
1952,1,5,1952.013699,775
1952,1,12,1952.032877,856
1952,1,19,1952.052055,1037
1952,1,26,1952.071233,681
1952,2,2,1952.090411,539
1952,2,9,1952.109589,586
1952,2,16,1952.128767,486
1952,2,23,1952.147945,607
1952,3,1,1952.167123,575
1952,3,8,1952.186301,517
1952,3,15,1952.205479,556
1952,3,22,1952.224658,503
1952,3,29,1952.243836,570
1952,4,5,1952.263014,404
1952,4,12,1952.282192,562
1952,4,19,1952.30137,495
1952,4,26,1952.320548,575
1952,5,3,1952.339726,454
1952,5,10,1952.358904,491
1952,5,17,1952.378082,570
1952,5,24,1952.39726,417
1952,5,31,1952.416438,576
1952,6,7,1952.435616,434
1952,6,14,1952.454795,614
1952,6,21,1952.473973,453
1952,6,28,1952.493151,412
1952,7,5,1952.512329,270
1952,7,12,1952.531507,191
1952,7,19,1952.550685,168
1952,7,26,1952.569863,164
1952,8,2,1952.589041,66
1952,8,9,1952.608219,37
1952,8,16,1952.627397,63
1952,8,23,1952.646575,41
1952,8,30,1952.665753,46
1952,9,6,1952.684932,58
1952,9,13,1952.70411,47
1952,9,20,1952.723288,38
1952,9,27,1952.742466,57
1952,10,4,1952.761644,64
1952,10,11,1952.780822,145
1952,10,18,1952.8,125
1952,10,25,1952.819178,270
1952,11,1,1952.838356,273
1952,11,8,1952.857534,378
1952,11,15,1952.876712,403
1952,11,22,1952.89589,445
1952,11,29,1952.915068,568
1952,12,6,1952.934247,574
1952,12,13,1952.953425,653
1952,12,20,1952.972603,480
1952,12,27,1952.991781,568
1953,1,3,1953.008219,594
1953,1,10,1953.027397,833
1953,1,17,1953.046575,803
1953,1,24,1953.065753,810
1953,1,31,1953.084932,562
1953,2,7,1953.10411,768
1953,2,14,1953.123288,844
1953,2,21,1953.142466,592
1953,2,28,1953.161644,672
1953,3,7,1953.180822,751
1953,3,14,1953.2,761
1953,3,21,1953.219178,697
1953,3,28,1953.238356,652
1953,4,4,1953.257534,473
1953,4,11,1953.276712,421
1953,4,18,1953.29589,618
1953,4,25,1953.315068,327
1953,5,2,1953.334247,587
1953,5,9,1953.353425,496
1953,5,16,1953.372603,420
1953,5,23,1953.391781,499
1953,5,30,1953.410959,558
1953,6,6,1953.430137,557
1953,6,13,1953.449315,426
1953,6,20,1953.468493,528
1953,6,27,1953.487671,362
1953,7,4,1953.506849,265
1953,7,11,1953.526027,119
1953,7,18,1953.545205,164
1953,7,25,1953.564384,93
1953,8,1,1953.583562,142
1953,8,8,1953.60274,46
1953,8,15,1953.621918,54
1953,8,22,1953.641096,35
1953,8,29,1953.660274,33
1953,9,5,1953.679452,28
1953,9,12,1953.69863,47
1953,9,19,1953.717808,28
1953,9,26,1953.736986,33
1953,10,3,1953.756164,47
1953,10,10,1953.775342,107
1953,10,17,1953.794521,107
1953,10,24,1953.813699,236
1953,10,31,1953.832877,351
1953,11,7,1953.852055,312
1953,11,14,1953.871233,269
1953,11,21,1953.890411,416
1953,11,28,1953.909589,384
1953,12,5,1953.928767,740
1953,12,12,1953.947945,411
1953,12,19,1953.967123,231
1953,12,26,1953.986301,563
1954,1,2,1954.005479,488
1954,1,9,1954.024658,688
1954,1,16,1954.043836,676
1954,1,23,1954.063014,741
1954,1,30,1954.082192,671
1954,2,6,1954.10137,444
1954,2,13,1954.120548,479
1954,2,20,1954.139726,407
1954,2,27,1954.158904,613
1954,3,6,1954.178082,440
1954,3,13,1954.19726,587
1954,3,20,1954.216438,400
1954,3,27,1954.235616,524
1954,4,3,1954.254795,635
1954,4,10,1954.273973,470
1954,4,17,1954.293151,401
1954,4,24,1954.312329,298
1954,5,1,1954.331507,435
1954,5,8,1954.350685,408
1954,5,15,1954.369863,331
1954,5,22,1954.389041,289
1954,5,29,1954.408219,382
1954,6,5,1954.427397,422
1954,6,12,1954.446575,419
1954,6,19,1954.465753,421
1954,6,26,1954.484932,327
1954,7,3,1954.50411,186
1954,7,10,1954.523288,192
1954,7,17,1954.542466,123
1954,7,24,1954.561644,95
1954,7,31,1954.580822,46
1954,8,7,1954.6,66
1954,8,14,1954.619178,44
1954,8,21,1954.638356,49
1954,8,28,1954.657534,18
1954,9,4,1954.676712,30
1954,9,11,1954.69589,52
1954,9,18,1954.715068,25
1954,9,25,1954.734247,45
1954,10,2,1954.753425,58
1954,10,9,1954.772603,44
1954,10,16,1954.791781,347
1954,10,23,1954.810959,186
1954,10,30,1954.830137,168
1954,11,6,1954.849315,158
1954,11,13,1954.868493,271
1954,11,20,1954.887671,316
1954,11,27,1954.906849,421
1954,12,4,1954.926027,277
1954,12,11,1954.945205,355
1954,12,18,1954.964384,297
1954,12,25,1954.983562,526
1955,1,1,1955.00274,369
1955,1,8,1955.021918,584
1955,1,15,1955.041096,761
1955,1,22,1955.060274,609
1955,1,29,1955.079452,557
1955,2,5,1955.09863,383
1955,2,12,1955.117808,716
1955,2,19,1955.136986,653
1955,2,26,1955.156164,614
1955,3,5,1955.175342,553
1955,3,12,1955.194521,558
1955,3,19,1955.213699,534
1955,3,26,1955.232877,493
1955,4,2,1955.252055,450
1955,4,9,1955.271233,411
1955,4,16,1955.290411,396
1955,4,23,1955.309589,426
1955,4,30,1955.328767,412
1955,5,7,1955.347945,300
1955,5,14,1955.367123,277
1955,5,21,1955.386301,339
1955,5,28,1955.405479,416
1955,6,4,1955.424658,334
1955,6,11,1955.443836,401
1955,6,18,1955.463014,414
1955,6,25,1955.482192,312
1955,7,2,1955.50137,199
1955,7,9,1955.520548,215
1955,7,16,1955.539726,151
1955,7,23,1955.558904,91
1955,7,30,1955.578082,82
1955,8,6,1955.59726,32
1955,8,13,1955.616438,22
1955,8,20,1955.635616,38
1955,8,27,1955.654795,25
1955,9,3,1955.673973,30
1955,9,10,1955.693151,13
1955,9,17,1955.712329,41
1955,9,24,1955.731507,61
1955,10,1,1955.750685,65
1955,10,8,1955.769863,71
1955,10,15,1955.789041,146
1955,10,22,1955.808219,129
1955,10,29,1955.827397,196
1955,11,5,1955.846575,196
1955,11,12,1955.865753,168
1955,11,19,1955.884932,317
1955,11,26,1955.90411,399
1955,12,3,1955.923288,425
1955,12,10,1955.942466,524
1955,12,17,1955.961644,218
1955,12,24,1955.980822,420
1955,12,31,1956,358
1956,1,7,1956.019178,511
1956,1,14,1956.038356,633
1956,1,21,1956.057534,554
1956,1,28,1956.076712,698
1956,2,4,1956.09589,539
1956,2,11,1956.115068,613
1956,2,18,1956.134247,543
1956,2,25,1956.153425,580
1956,3,3,1956.172603,379
1956,3,10,1956.191781,621
1956,3,17,1956.210959,579
1956,3,24,1956.230137,382
1956,3,31,1956.249315,296
1956,4,7,1956.268493,395
1956,4,14,1956.287671,324
1956,4,21,1956.306849,393
1956,4,28,1956.326027,392
1956,5,5,1956.345205,376
1956,5,12,1956.364384,319
1956,5,19,1956.383562,461
1956,5,26,1956.40274,386
1956,6,2,1956.421918,324
1956,6,9,1956.441096,402
1956,6,16,1956.460274,324
1956,6,23,1956.479452,343
1956,6,30,1956.49863,205
1956,7,7,1956.517808,139
1956,7,14,1956.536986,130
1956,7,21,1956.556164,88
1956,7,28,1956.575342,109
1956,8,4,1956.594521,63
1956,8,11,1956.613699,61
1956,8,18,1956.632877,51
1956,8,25,1956.652055,96
1956,9,1,1956.671233,53
1956,9,8,1956.690411,46
1956,9,15,1956.709589,30
1956,9,22,1956.728767,52
1956,9,29,1956.747945,60
1956,10,6,1956.767123,52
1956,10,13,1956.786301,87
1956,10,20,1956.805479,265
1956,10,27,1956.824658,139
1956,11,3,1956.843836,320
1956,11,10,1956.863014,295
1956,11,17,1956.882192,383
1956,11,24,1956.90137,390
1956,12,1,1956.920548,424
1956,12,8,1956.939726,315
1956,12,15,1956.958904,438
1956,12,22,1956.978082,355
1956,12,29,1956.99726,419
1957,1,5,1957.013699,699
1957,1,12,1957.032877,582
1957,1,19,1957.052055,555
1957,1,26,1957.071233,622
1957,2,2,1957.090411,424
1957,2,9,1957.109589,492
1957,2,16,1957.128767,658
1957,2,23,1957.147945,646
1957,3,2,1957.167123,706
1957,3,9,1957.186301,678
1957,3,16,1957.205479,631
1957,3,23,1957.224658,781
1957,3,30,1957.243836,677
1957,4,6,1957.263014,566
1957,4,13,1957.282192,596
1957,4,20,1957.30137,644
1957,4,27,1957.320548,463
1957,5,4,1957.339726,951
1957,5,11,1957.358904,681
1957,5,18,1957.378082,464
1957,5,25,1957.39726,457
1957,6,1,1957.416438,437
1957,6,8,1957.435616,581
1957,6,15,1957.454795,490
1957,6,22,1957.473973,434
1957,6,29,1957.493151,271
1957,7,6,1957.512329,188
1957,7,13,1957.531507,129
1957,7,20,1957.550685,123
1957,7,27,1957.569863,55
1957,8,3,1957.589041,48
1957,8,10,1957.608219,39
1957,8,17,1957.627397,40
1957,8,24,1957.646575,26
1957,8,31,1957.665753,27
1957,9,7,1957.684932,41
1957,9,14,1957.70411,63
1957,9,21,1957.723288,62
1957,9,28,1957.742466,58
1957,10,5,1957.761644,72
1957,10,12,1957.780822,61
1957,10,19,1957.8,51
1957,10,26,1957.819178,115
1957,11,2,1957.838356,103
1957,11,9,1957.857534,150
1957,11,16,1957.876712,115
1957,11,23,1957.89589,194
1957,11,30,1957.915068,181
1957,12,7,1957.934247,312
1957,12,14,1957.953425,246
1957,12,21,1957.972603,182
1957,12,28,1957.991781,183
1958,1,4,1958.010959,362
1958,1,11,1958.030137,430
1958,1,18,1958.049315,286
1958,1,25,1958.068493,392
1958,2,1,1958.087671,379
1958,2,8,1958.106849,284
1958,2,15,1958.126027,507
1958,2,22,1958.145205,437
1958,3,1,1958.164384,534
1958,3,8,1958.183562,463
1958,3,15,1958.20274,489
1958,3,22,1958.221918,304
1958,3,29,1958.241096,436
1958,4,5,1958.260274,398
1958,4,12,1958.279452,312
1958,4,19,1958.29863,457
1958,4,26,1958.317808,422
1958,5,3,1958.336986,503
1958,5,10,1958.356164,388
1958,5,17,1958.375342,321
1958,5,24,1958.394521,346
1958,5,31,1958.413699,388
1958,6,7,1958.432877,403
1958,6,14,1958.452055,269
1958,6,21,1958.471233,371
1958,6,28,1958.490411,246
1958,7,5,1958.509589,240
1958,7,12,1958.528767,128
1958,7,19,1958.547945,142
1958,7,26,1958.567123,101
1958,8,2,1958.586301,61
1958,8,9,1958.605479,57
1958,8,16,1958.624658,37
1958,8,23,1958.643836,50
1958,8,30,1958.663014,33
1958,9,6,1958.682192,24
1958,9,13,1958.70137,58
1958,9,20,1958.720548,39
1958,9,27,1958.739726,67
1958,10,4,1958.758904,86
1958,10,11,1958.778082,36
1958,10,18,1958.79726,80
1958,10,25,1958.816438,138
1958,11,1,1958.835616,216
1958,11,8,1958.854795,141
1958,11,15,1958.873973,162
1958,11,22,1958.893151,251
1958,11,29,1958.912329,251
1958,12,6,1958.931507,269
1958,12,13,1958.950685,260
1958,12,20,1958.969863,183
1958,12,27,1958.989041,228
1959,1,3,1959.008219,426
1959,1,10,1959.027397,466
1959,1,17,1959.046575,419
1959,1,24,1959.065753,408
1959,1,31,1959.084932,296
1959,2,7,1959.10411,349
1959,2,14,1959.123288,338
1959,2,21,1959.142466,336
1959,2,28,1959.161644,348
1959,3,7,1959.180822,324
1959,3,14,1959.2,238
1959,3,21,1959.219178,353
1959,3,28,1959.238356,198
1959,4,4,1959.257534,232
1959,4,11,1959.276712,347
1959,4,18,1959.29589,259
1959,4,25,1959.315068,189
1959,5,2,1959.334247,288
1959,5,9,1959.353425,171
1959,5,16,1959.372603,223
1959,5,23,1959.391781,252
1959,5,30,1959.410959,290
1959,6,6,1959.430137,232
1959,6,13,1959.449315,359
1959,6,20,1959.468493,216
1959,6,27,1959.487671,123
1959,7,4,1959.506849,134
1959,7,11,1959.526027,116
1959,7,18,1959.545205,71
1959,7,25,1959.564384,63
1959,8,1,1959.583562,47
1959,8,8,1959.60274,77
1959,8,15,1959.621918,49
1959,8,22,1959.641096,38
1959,8,29,1959.660274,39
1959,9,5,1959.679452,29
1959,9,12,1959.69863,55
1959,9,19,1959.717808,117
1959,9,26,1959.736986,77
1959,10,3,1959.756164,71
1959,10,10,1959.775342,60
1959,10,17,1959.794521,64
1959,10,24,1959.813699,152
1959,10,31,1959.832877,130
1959,11,7,1959.852055,120
1959,11,14,1959.871233,254
1959,11,21,1959.890411,274
1959,11,28,1959.909589,285
1959,12,5,1959.928767,404
1959,12,12,1959.947945,341
1959,12,19,1959.967123,208
1959,12,26,1959.986301,440
1960,1,2,1960.005479,421
1960,1,9,1960.024658,541
1960,1,16,1960.043836,555
1960,1,23,1960.063014,503
1960,1,30,1960.082192,512
1960,2,6,1960.10137,455
1960,2,13,1960.120548,569
1960,2,20,1960.139726,527
1960,2,27,1960.158904,614
1960,3,5,1960.178082,721
1960,3,12,1960.19726,504
1960,3,19,1960.216438,579
1960,3,26,1960.235616,450
1960,4,2,1960.254795,581
1960,4,9,1960.273973,365
1960,4,16,1960.293151,422
1960,4,23,1960.312329,350
1960,4,30,1960.331507,471
1960,5,7,1960.350685,456
1960,5,14,1960.369863,314
1960,5,21,1960.389041,327
1960,5,28,1960.408219,370
1960,6,4,1960.427397,396
1960,6,11,1960.446575,341
1960,6,18,1960.465753,301
1960,6,25,1960.484932,197
1960,7,2,1960.50411,219
1960,7,9,1960.523288,105
1960,7,16,1960.542466,144
1960,7,23,1960.561644,107
1960,7,30,1960.580822,64
1960,8,6,1960.6,77
1960,8,13,1960.619178,52
1960,8,20,1960.638356,62
1960,8,27,1960.657534,44
1960,9,3,1960.676712,54
1960,9,10,1960.69589,65
1960,9,17,1960.715068,36
1960,9,24,1960.734247,53
1960,10,1,1960.753425,74
1960,10,8,1960.772603,109
1960,10,15,1960.791781,128
1960,10,22,1960.810959,167
1960,10,29,1960.830137,174
1960,11,5,1960.849315,283
1960,11,12,1960.868493,309
1960,11,19,1960.887671,426
1960,11,26,1960.906849,395
1960,12,3,1960.926027,487
1960,12,10,1960.945205,603
1960,12,17,1960.964384,456
1960,12,24,1960.983562,414
1960,12,31,1961.00274,368
1961,1,7,1961.019178,613
1961,1,14,1961.038356,519
1961,1,21,1961.057534,509
1961,1,28,1961.076712,428
1961,2,4,1961.09589,561
1961,2,11,1961.115068,497
1961,2,18,1961.134247,558
1961,2,25,1961.153425,589
1961,3,4,1961.172603,756
1961,3,11,1961.191781,577
1961,3,18,1961.210959,688
1961,3,25,1961.230137,579
1961,4,1,1961.249315,679
1961,4,8,1961.268493,427
1961,4,15,1961.287671,860
1961,4,22,1961.306849,558
1961,4,29,1961.326027,640
1961,5,6,1961.345205,516
1961,5,13,1961.364384,449
1961,5,20,1961.383562,1081
1961,5,27,1961.40274,359
1961,6,3,1961.421918,416
1961,6,10,1961.441096,506
1961,6,17,1961.460274,484
1961,6,24,1961.479452,457
1961,7,1,1961.49863,303
1961,7,8,1961.517808,210
1961,7,15,1961.536986,193
1961,7,22,1961.556164,102
1961,7,29,1961.575342,119
1961,8,5,1961.594521,79
1961,8,12,1961.613699,77
1961,8,19,1961.632877,35
1961,8,26,1961.652055,28
1961,9,2,1961.671233,28
1961,9,9,1961.690411,31
1961,9,16,1961.709589,34
1961,9,23,1961.728767,27
1961,9,30,1961.747945,35
1961,10,7,1961.767123,42
1961,10,14,1961.786301,62
1961,10,21,1961.805479,59
1961,10,28,1961.824658,124
1961,11,4,1961.843836,126
1961,11,11,1961.863014,144
1961,11,18,1961.882192,269
1961,11,25,1961.90137,208
1961,12,2,1961.920548,243
1961,12,9,1961.939726,307
1961,12,16,1961.958904,245
1961,12,23,1961.978082,382
1961,12,30,1961.99726,416
1962,1,6,1962.016438,591
1962,1,13,1962.035616,547
1962,1,20,1962.054795,539
1962,1,27,1962.073973,471
1962,2,3,1962.093151,499
1962,2,10,1962.112329,488
1962,2,17,1962.131507,365
1962,2,24,1962.150685,374
1962,3,3,1962.169863,453
1962,3,10,1962.189041,399
1962,3,17,1962.208219,379
1962,3,24,1962.227397,433
1962,3,31,1962.246575,421
1962,4,7,1962.265753,467
1962,4,14,1962.284932,378
1962,4,21,1962.30411,320
1962,4,28,1962.323288,348
1962,5,5,1962.342466,379
1962,5,12,1962.361644,440
1962,5,19,1962.380822,417
1962,5,26,1962.4,419
1962,6,2,1962.419178,367
1962,6,9,1962.438356,397
1962,6,16,1962.457534,388
1962,6,23,1962.476712,356
1962,6,30,1962.49589,212
1962,7,7,1962.515068,363
1962,7,14,1962.534247,186
1962,7,21,1962.553425,155
1962,7,28,1962.572603,105
1962,8,4,1962.591781,79
1962,8,11,1962.610959,78
1962,8,18,1962.630137,51
1962,8,25,1962.649315,76
1962,9,1,1962.668493,77
1962,9,8,1962.687671,60
1962,9,15,1962.706849,49
1962,9,22,1962.726027,51
1962,9,29,1962.745205,53
1962,10,6,1962.764384,54
1962,10,13,1962.783562,138
1962,10,20,1962.80274,137
1962,10,27,1962.821918,251
1962,11,3,1962.841096,155
1962,11,10,1962.860274,289
1962,11,17,1962.879452,284
1962,11,24,1962.89863,354
1962,12,1,1962.917808,544
1962,12,8,1962.936986,599
1962,12,15,1962.956164,345
1962,12,22,1962.975342,367
1962,12,29,1962.994521,371
1963,1,5,1963.013699,642
1963,1,12,1963.032877,685
1963,1,19,1963.052055,432
1963,1,26,1963.071233,600
1963,2,2,1963.090411,659
1963,2,9,1963.109589,513
1963,2,16,1963.128767,476
1963,2,23,1963.147945,486
1963,3,2,1963.167123,392
1963,3,9,1963.186301,649
1963,3,16,1963.205479,505
1963,3,23,1963.224658,379
1963,3,30,1963.243836,510
1963,4,6,1963.263014,529
1963,4,13,1963.282192,352
1963,4,20,1963.30137,317
1963,4,27,1963.320548,235
1963,5,4,1963.339726,565
1963,5,11,1963.358904,302
1963,5,18,1963.378082,285
1963,5,25,1963.39726,295
1963,6,1,1963.416438,372
1963,6,8,1963.435616,388
1963,6,15,1963.454795,382
1963,6,22,1963.473973,368
1963,6,29,1963.493151,282
1963,7,6,1963.512329,155
1963,7,13,1963.531507,231
1963,7,20,1963.550685,103
1963,7,27,1963.569863,95
1963,8,3,1963.589041,80
1963,8,10,1963.608219,72
1963,8,17,1963.627397,26
1963,8,24,1963.646575,37
1963,8,31,1963.665753,46
1963,9,7,1963.684932,52
1963,9,14,1963.70411,50
1963,9,21,1963.723288,46
1963,9,28,1963.742466,70
1963,10,5,1963.761644,59
1963,10,12,1963.780822,148
1963,10,19,1963.8,159
1963,10,26,1963.819178,264
1963,11,2,1963.838356,239
1963,11,9,1963.857534,362
1963,11,16,1963.876712,403
1963,11,23,1963.89589,397
1963,11,30,1963.915068,374
1963,12,7,1963.934247,904
1963,12,14,1963.953425,539
1963,12,21,1963.972603,372
1963,12,28,1963.991781,338
1964,1,4,1964.010959,356
1964,1,11,1964.030137,586
1964,1,18,1964.049315,606
1964,1,25,1964.068493,441
1964,2,1,1964.087671,403
1964,2,8,1964.106849,803
1964,2,15,1964.126027,458
1964,2,22,1964.145205,475
1964,2,29,1964.164384,646
1964,3,7,1964.183562,499
1964,3,14,1964.20274,511
1964,3,21,1964.221918,445
1964,3,28,1964.241096,443
1964,4,4,1964.260274,484
1964,4,11,1964.279452,499
1964,4,18,1964.29863,328
1964,4,25,1964.317808,397
1964,5,2,1964.336986,519
1964,5,9,1964.356164,418
1964,5,16,1964.375342,368
1964,5,23,1964.394521,349
1964,5,30,1964.413699,562
1964,6,6,1964.432877,417
1964,6,13,1964.452055,425
1964,6,20,1964.471233,416
1964,6,27,1964.490411,311
1964,7,4,1964.509589,474
1964,7,11,1964.528767,174
1964,7,18,1964.547945,112
1964,7,25,1964.567123,95
1964,8,1,1964.586301,113
1964,8,8,1964.605479,56
1964,8,15,1964.624658,38
1964,8,22,1964.643836,37
1964,8,29,1964.663014,30
1964,9,5,1964.682192,26
1964,9,12,1964.70137,50
1964,9,19,1964.720548,51
1964,9,26,1964.739726,40
1964,10,3,1964.758904,57
1964,10,10,1964.778082,79
1964,10,17,1964.79726,162
1964,10,24,1964.816438,158
1964,10,31,1964.835616,203
1964,11,7,1964.854795,209
1964,11,14,1964.873973,224
1964,11,21,1964.893151,436
1964,11,28,1964.912329,419
1964,12,5,1964.931507,487
1964,12,12,1964.950685,430
1964,12,19,1964.969863,292
1964,12,26,1964.989041,482
1965,1,2,1965.005479,256
1965,1,9,1965.024658,462
1965,1,16,1965.043836,513
1965,1,23,1965.063014,399
1965,1,30,1965.082192,355
1965,2,6,1965.10137,465
1965,2,13,1965.120548,478
1965,2,20,1965.139726,334
1965,2,27,1965.158904,336
1965,3,6,1965.178082,609
1965,3,13,1965.19726,356
1965,3,20,1965.216438,307
1965,3,27,1965.235616,259
1965,4,3,1965.254795,605
1965,4,10,1965.273973,375
1965,4,17,1965.293151,229
1965,4,24,1965.312329,223
1965,5,1,1965.331507,295
1965,5,8,1965.350685,440
1965,5,15,1965.369863,302
1965,5,22,1965.389041,300
1965,5,29,1965.408219,241
1965,6,5,1965.427397,573
1965,6,12,1965.446575,244
1965,6,19,1965.465753,255
1965,6,26,1965.484932,226
1965,7,3,1965.50411,327
1965,7,10,1965.523288,163
1965,7,17,1965.542466,127
1965,7,24,1965.561644,94
1965,7,31,1965.580822,53
1965,8,7,1965.6,68
1965,8,14,1965.619178,57
1965,8,21,1965.638356,55
1965,8,28,1965.657534,35
1965,9,4,1965.676712,27
1965,9,11,1965.69589,35
1965,9,18,1965.715068,41
1965,9,25,1965.734247,62
1965,10,2,1965.753425,125
1965,10,9,1965.772603,100
1965,10,16,1965.791781,183
1965,10,23,1965.810959,115
1965,10,30,1965.830137,197
1965,11,6,1965.849315,186
1965,11,13,1965.868493,333
1965,11,20,1965.887671,309
1965,11,27,1965.906849,381
1965,12,4,1965.926027,330
1965,12,11,1965.945205,427
1965,12,18,1965.964384,330
1965,12,25,1965.983562,344
1966,1,1,1966.00274,391
1966,1,8,1966.021918,437
1966,1,15,1966.041096,577
1966,1,22,1966.060274,487
1966,1,29,1966.079452,435
1966,2,5,1966.09863,362
1966,2,12,1966.117808,550
1966,2,19,1966.136986,583
1966,2,26,1966.156164,475
1966,3,5,1966.175342,494
1966,3,12,1966.194521,342
1966,3,19,1966.213699,399
1966,3,26,1966.232877,324
1966,4,2,1966.252055,320
1966,4,9,1966.271233,324
1966,4,16,1966.290411,515
1966,4,23,1966.309589,329
1966,4,30,1966.328767,313
1966,5,7,1966.347945,233
1966,5,14,1966.367123,360
1966,5,21,1966.386301,260
1966,5,28,1966.405479,282
1966,6,4,1966.424658,298
1966,6,11,1966.443836,347
1966,6,18,1966.463014,296
1966,6,25,1966.482192,233
1966,7,2,1966.50137,212
1966,7,9,1966.520548,147
1966,7,16,1966.539726,117
1966,7,23,1966.558904,49
1966,7,30,1966.578082,45
1966,8,6,1966.59726,31
1966,8,13,1966.616438,44
1966,8,20,1966.635616,21
1966,8,27,1966.654795,34
1966,9,3,1966.673973,36
1966,9,10,1966.693151,27
1966,9,17,1966.712329,39
1966,9,24,1966.731507,45
1966,10,1,1966.750685,48
1966,10,8,1966.769863,67
1966,10,15,1966.789041,121
1966,10,22,1966.808219,177
1966,10,29,1966.827397,174
1966,11,5,1966.846575,251
1966,11,12,1966.865753,281
1966,11,19,1966.884932,339
1966,11,26,1966.90411,656
1966,12,3,1966.923288,379
1966,12,10,1966.942466,558
1966,12,17,1966.961644,526
1966,12,24,1966.980822,492
1966,12,31,1967,326
1967,1,7,1967.019178,577
1967,1,14,1967.038356,636
1967,1,21,1967.057534,534
1967,1,28,1967.076712,538
1967,2,4,1967.09589,655
1967,2,11,1967.115068,538
1967,2,18,1967.134247,379
1967,2,25,1967.153425,524
1967,3,4,1967.172603,589
1967,3,11,1967.191781,507
1967,3,18,1967.210959,285
1967,3,25,1967.230137,377
1967,4,1,1967.249315,501
1967,4,8,1967.268493,334
1967,4,15,1967.287671,349
1967,4,22,1967.306849,346
1967,4,29,1967.326027,370
1967,5,6,1967.345205,580
1967,5,13,1967.364384,306
1967,5,20,1967.383562,246
1967,5,27,1967.40274,267
1967,6,3,1967.421918,238
1967,6,10,1967.441096,540
1967,6,17,1967.460274,297
1967,6,24,1967.479452,211
1967,7,1,1967.49863,173
1967,7,8,1967.517808,352
1967,7,15,1967.536986,109
1967,7,22,1967.556164,59
1967,7,29,1967.575342,107
1967,8,5,1967.594521,41
1967,8,12,1967.613699,51
1967,8,19,1967.632877,25
1967,8,26,1967.652055,31
1967,9,2,1967.671233,44
1967,9,9,1967.690411,37
1967,9,16,1967.709589,36
1967,9,23,1967.728767,47
1967,9,30,1967.747945,17
1967,10,7,1967.767123,62
1967,10,14,1967.786301,240
1967,10,21,1967.805479,110
1967,10,28,1967.824658,235
1967,11,4,1967.843836,180
1967,11,11,1967.863014,302
1967,11,18,1967.882192,276
1967,11,25,1967.90137,310
1967,12,2,1967.920548,410
1967,12,9,1967.939726,442
1967,12,16,1967.958904,386
1967,12,23,1967.978082,181
1967,12,30,1967.99726,285
1968,1,6,1968.016438,600
1968,1,13,1968.035616,337
1968,1,20,1968.054795,400
1968,1,27,1968.073973,280
1968,2,3,1968.093151,528
1968,2,10,1968.112329,368
1968,2,17,1968.131507,412
1968,2,24,1968.150685,256
1968,3,2,1968.169863,342
1968,3,9,1968.189041,446
1968,3,16,1968.208219,238
1968,3,23,1968.227397,365
1968,3,30,1968.246575,208
1968,4,6,1968.265753,505
1968,4,13,1968.284932,220
1968,4,20,1968.30411,258
1968,4,27,1968.323288,219
1968,5,4,1968.342466,479
1968,5,11,1968.361644,169
1968,5,18,1968.380822,305
1968,5,25,1968.4,193
1968,6,1,1968.419178,551
1968,6,8,1968.438356,328
1968,6,15,1968.457534,369
1968,6,22,1968.476712,202
1968,6,29,1968.49589,513
1968,7,6,1968.515068,198
1968,7,13,1968.534247,73
1968,7,20,1968.553425,102
1968,7,27,1968.572603,60
1968,8,3,1968.591781,24
1968,8,10,1968.610959,9
1968,8,17,1968.630137,75
1968,8,24,1968.649315,57
1968,8,31,1968.668493,20
1968,9,7,1968.687671,29
1968,9,14,1968.706849,39
1968,9,21,1968.726027,65
1968,9,28,1968.745205,61
1968,10,5,1968.764384,78
1968,10,12,1968.783562,86
1968,10,19,1968.80274,85
1968,10,26,1968.821918,93
1968,11,2,1968.841096,218
1968,11,9,1968.860274,169
1968,11,16,1968.879452,315
1968,11,23,1968.89863,209
1968,11,30,1968.917808,254
1968,12,7,1968.936986,462
1968,12,14,1968.956164,358
1968,12,21,1968.975342,409
1968,12,28,1968.994521,162
1969,1,4,1969.010959,136
1969,1,11,1969.030137,240
1969,1,18,1969.049315,250
1969,1,25,1969.068493,287
1969,2,1,1969.087671,283
1969,2,8,1969.106849,431
1969,2,15,1969.126027,356
1969,2,22,1969.145205,315
1969,3,1,1969.164384,357
1969,3,8,1969.183562,283
1969,3,15,1969.20274,218
1969,3,22,1969.221918,262
1969,3,29,1969.241096,301
1969,4,5,1969.260274,306
1969,4,12,1969.279452,321
1969,4,19,1969.29863,172
1969,4,26,1969.317808,333
1969,5,3,1969.336986,121
1969,5,10,1969.356164,423
1969,5,17,1969.375342,159
1969,5,24,1969.394521,271
1969,5,31,1969.413699,357
1969,6,7,1969.432877,193
1969,6,14,1969.452055,225
1969,6,21,1969.471233,184
1969,6,28,1969.490411,235
1969,7,5,1969.509589,161
1969,7,12,1969.528767,102
1969,7,19,1969.547945,81
1969,7,26,1969.567123,45
1969,8,2,1969.586301,46
1969,8,9,1969.605479,42
1969,8,16,1969.624658,22
1969,8,23,1969.643836,22
1969,8,30,1969.663014,22
1969,9,6,1969.682192,12
1969,9,13,1969.70137,18
1969,9,20,1969.720548,46
1969,9,27,1969.739726,47
1969,10,4,1969.758904,30
1969,10,11,1969.778082,27
1969,10,18,1969.79726,66
1969,10,25,1969.816438,146
1969,11,1,1969.835616,197
1969,11,8,1969.854795,243
1969,11,15,1969.873973,187
1969,11,22,1969.893151,273
1969,11,29,1969.912329,363
1969,12,6,1969.931507,283
1969,12,13,1969.950685,310
1969,12,20,1969.969863,320
1969,12,27,1969.989041,156
1970,1,3,1970.008219,0
1970,1,10,1970.027397,0
1970,1,17,1970.046575,0
1970,1,24,1970.065753,0
1970,1,31,1970.084932,0
1970,2,7,1970.10411,0
1970,2,14,1970.123288,0
1970,2,21,1970.142466,0
1970,2,28,1970.161644,0
1970,3,7,1970.180822,0
1970,3,14,1970.2,0
1970,3,21,1970.219178,0
1970,3,28,1970.238356,0
1970,4,4,1970.257534,0
1970,4,11,1970.276712,0
1970,4,18,1970.29589,0
1970,4,25,1970.315068,0
1970,5,2,1970.334247,0
1970,5,9,1970.353425,0
1970,5,16,1970.372603,0
1970,5,23,1970.391781,0
1970,5,30,1970.410959,0
1970,6,6,1970.430137,0
1970,6,13,1970.449315,0
1970,6,20,1970.468493,0
1970,6,27,1970.487671,0
1970,7,4,1970.506849,0
1970,7,11,1970.526027,0
1970,7,18,1970.545205,0
1970,7,25,1970.564384,0
1970,8,1,1970.583562,0
1970,8,8,1970.60274,0
1970,8,15,1970.621918,0
1970,8,22,1970.641096,0
1970,8,29,1970.660274,0
1970,9,5,1970.679452,0
1970,9,12,1970.69863,0
1970,9,19,1970.717808,0
1970,9,26,1970.736986,0
1970,10,3,1970.756164,0
1970,10,10,1970.775342,0
1970,10,17,1970.794521,0
1970,10,24,1970.813699,0
1970,10,31,1970.832877,0
1970,11,7,1970.852055,0
1970,11,14,1970.871233,0
1970,11,21,1970.890411,0
1970,11,28,1970.909589,0
1970,12,5,1970.928767,0
1970,12,12,1970.947945,0
1970,12,19,1970.967123,0
1970,12,26,1970.986301,0
1971,1,2,1971.005479,0
1971,1,9,1971.024658,209
1971,1,16,1971.043836,228
1971,1,23,1971.063014,147
1971,1,30,1971.082192,196
1971,2,6,1971.10137,392
1971,2,13,1971.120548,137
1971,2,20,1971.139726,169
1971,2,27,1971.158904,82
1971,3,6,1971.178082,302
1971,3,13,1971.19726,395
1971,3,20,1971.216438,176
1971,3,27,1971.235616,77
1971,4,3,1971.254795,139
1971,4,10,1971.273973,271
1971,4,17,1971.293151,164
1971,4,24,1971.312329,111
1971,5,1,1971.331507,144
1971,5,8,1971.350685,186
1971,5,15,1971.369863,100
1971,5,22,1971.389041,232
1971,5,29,1971.408219,174
1971,6,5,1971.427397,207
1971,6,12,1971.446575,230
1971,6,19,1971.465753,220
1971,6,26,1971.484932,177
1971,7,3,1971.50411,284
1971,7,10,1971.523288,292
1971,7,17,1971.542466,69
1971,7,24,1971.561644,36
1971,7,31,1971.580822,36
1971,8,7,1971.6,49
1971,8,14,1971.619178,25
1971,8,21,1971.638356,31
1971,8,28,1971.657534,21
1971,9,4,1971.676712,17
1971,9,11,1971.69589,62
1971,9,18,1971.715068,13
1971,9,25,1971.734247,23
1971,10,2,1971.753425,28
1971,10,9,1971.772603,70
1971,10,16,1971.791781,59
1971,10,23,1971.810959,91
1971,10,30,1971.830137,108
1971,11,6,1971.849315,195
1971,11,13,1971.868493,145
1971,11,20,1971.887671,191
1971,11,27,1971.906849,205
1971,12,4,1971.926027,372
1971,12,11,1971.945205,363
1971,12,18,1971.964384,240
1971,12,25,1971.983562,162
1972,1,1,1972.00274,301
1972,1,8,1972.021918,233
1972,1,15,1972.041096,283
1972,1,22,1972.060274,289
1972,1,29,1972.079452,236
1972,2,5,1972.09863,269
1972,2,12,1972.117808,193
1972,2,19,1972.136986,349
1972,2,26,1972.156164,244
1972,3,4,1972.175342,707
1972,3,11,1972.194521,304
1972,3,18,1972.213699,226
1972,3,25,1972.232877,172
1972,4,1,1972.252055,217
1972,4,8,1972.271233,180
1972,4,15,1972.290411,465
1972,4,22,1972.309589,180
1972,4,29,1972.328767,324
1972,5,6,1972.347945,250
1972,5,13,1972.367123,246
1972,5,20,1972.386301,201
1972,5,27,1972.405479,280
1972,6,3,1972.424658,163
1972,6,10,1972.443836,375
1972,6,17,1972.463014,218
1972,6,24,1972.482192,267
1972,7,1,1972.50137,197
1972,7,8,1972.520548,171
1972,7,15,1972.539726,73
1972,7,22,1972.558904,242
1972,7,29,1972.578082,37
1972,8,5,1972.59726,64
1972,8,12,1972.616438,19
1972,8,19,1972.635616,34
1972,8,26,1972.654795,22
1972,9,2,1972.673973,53
1972,9,9,1972.693151,32
1972,9,16,1972.712329,15
1972,9,23,1972.731507,28
1972,9,30,1972.750685,42
1972,10,7,1972.769863,71
1972,10,14,1972.789041,58
1972,10,21,1972.808219,92
1972,10,28,1972.827397,70
1972,11,4,1972.846575,159
1972,11,11,1972.865753,190
1972,11,18,1972.884932,140
1972,11,25,1972.90411,360
1972,12,2,1972.923288,221
1972,12,9,1972.942466,243
1972,12,16,1972.961644,316
1972,12,23,1972.980822,177
1972,12,30,1973,544
1973,1,6,1973.016438,468
1973,1,13,1973.035616,296
1973,1,20,1973.054795,452
1973,1,27,1973.073973,344
1973,2,3,1973.093151,256
1973,2,10,1973.112329,446
1973,2,17,1973.131507,370
1973,2,24,1973.150685,392
1973,3,3,1973.169863,335
1973,3,10,1973.189041,437
1973,3,17,1973.208219,595
1973,3,24,1973.227397,160
1973,3,31,1973.246575,338
1973,4,7,1973.265753,483
1973,4,14,1973.284932,317
1973,4,21,1973.30411,287
1973,4,28,1973.323288,293
1973,5,5,1973.342466,414
1973,5,12,1973.361644,533
1973,5,19,1973.380822,436
1973,5,26,1973.4,281
1973,6,2,1973.419178,292
1973,6,9,1973.438356,447
1973,6,16,1973.457534,452
1973,6,23,1973.476712,479
1973,6,30,1973.49589,251
1973,7,7,1973.515068,135
1973,7,14,1973.534247,77
1973,7,21,1973.553425,47
1973,7,28,1973.572603,39
1973,8,4,1973.591781,46
1973,8,11,1973.610959,36
1973,8,18,1973.630137,40
1973,8,25,1973.649315,27
1973,9,1,1973.668493,24
1973,9,8,1973.687671,69
1973,9,15,1973.706849,28
1973,9,22,1973.726027,29
1973,9,29,1973.745205,41
1973,10,6,1973.764384,41
1973,10,13,1973.783562,31
1973,10,20,1973.80274,44
1973,10,27,1973.821918,114
1973,11,3,1973.841096,153
1973,11,10,1973.860274,87
1973,11,17,1973.879452,195
1973,11,24,1973.89863,116
1973,12,1,1973.917808,96
1973,12,8,1973.936986,250
1973,12,15,1973.956164,185
1973,12,22,1973.975342,145
1973,12,29,1973.994521,190
1974,1,5,1974.013699,181
1974,1,12,1974.032877,430
1974,1,19,1974.052055,357
1974,1,26,1974.071233,314
1974,2,2,1974.090411,252
1974,2,9,1974.109589,245
1974,2,16,1974.128767,540
1974,2,23,1974.147945,177
1974,3,2,1974.167123,301
1974,3,9,1974.186301,387
1974,3,16,1974.205479,392
1974,3,23,1974.224658,188
1974,3,30,1974.243836,431
1974,4,6,1974.263014,232
1974,4,13,1974.282192,316
1974,4,20,1974.30137,93
1974,4,27,1974.320548,332
1974,5,4,1974.339726,282
1974,5,11,1974.358904,195
1974,5,18,1974.378082,257
1974,5,25,1974.39726,169
1974,6,1,1974.416438,466
1974,6,8,1974.435616,350
1974,6,15,1974.454795,425
1974,6,22,1974.473973,383
1974,6,29,1974.493151,271
1974,7,6,1974.512329,183
1974,7,13,1974.531507,135
1974,7,20,1974.550685,58
1974,7,27,1974.569863,36
1974,8,3,1974.589041,25
1974,8,10,1974.608219,53
1974,8,17,1974.627397,48
1974,8,24,1974.646575,11
1974,8,31,1974.665753,16
1974,9,7,1974.684932,43
1974,9,14,1974.70411,29
1974,9,21,1974.723288,37
1974,9,28,1974.742466,30
1974,10,5,1974.761644,59
1974,10,12,1974.780822,48
1974,10,19,1974.8,100
1974,10,26,1974.819178,109
1974,11,2,1974.838356,196
1974,11,9,1974.857534,140
1974,11,16,1974.876712,234
1974,11,23,1974.89589,181
1974,11,30,1974.915068,257
1974,12,7,1974.934247,282
1974,12,14,1974.953425,230
1974,12,21,1974.972603,0
1974,12,28,1974.991781,584
1975,1,4,1975.010959,93
1975,1,11,1975.030137,335
1975,1,18,1975.049315,376
1975,1,25,1975.068493,386
1975,2,1,1975.087671,406
1975,2,8,1975.106849,236
1975,2,15,1975.126027,359
1975,2,22,1975.145205,194
1975,3,1,1975.164384,534
1975,3,8,1975.183562,503
1975,3,15,1975.20274,746
1975,3,22,1975.221918,384
1975,3,29,1975.241096,330
1975,4,5,1975.260274,366
1975,4,12,1975.279452,556
1975,4,19,1975.29863,588
1975,4,26,1975.317808,333
1975,5,3,1975.336986,527
1975,5,10,1975.356164,599
1975,5,17,1975.375342,476
1975,5,24,1975.394521,543
1975,5,31,1975.413699,360
1975,6,7,1975.432877,824
1975,6,14,1975.452055,515
1975,6,21,1975.471233,338
1975,6,28,1975.490411,323
1975,7,5,1975.509589,312
1975,7,12,1975.528767,89
1975,7,19,1975.547945,47
1975,7,26,1975.567123,97
1975,8,2,1975.586301,35
1975,8,9,1975.605479,27
1975,8,16,1975.624658,81
1975,8,23,1975.643836,62
1975,8,30,1975.663014,9
1975,9,6,1975.682192,10
1975,9,13,1975.70137,23
1975,9,20,1975.720548,40
1975,9,27,1975.739726,48
1975,10,4,1975.758904,49
1975,10,11,1975.778082,74
1975,10,18,1975.79726,44
1975,10,25,1975.816438,49
1975,11,1,1975.835616,153
1975,11,8,1975.854795,161
1975,11,15,1975.873973,226
1975,11,22,1975.893151,143
1975,11,29,1975.912329,153
1975,12,6,1975.931507,213
1975,12,13,1975.950685,260
1975,12,20,1975.969863,163
1975,12,27,1975.989041,521
1976,1,3,1976.008219,281
1976,1,10,1976.027397,199
1976,1,17,1976.046575,402
1976,1,24,1976.065753,160
1976,1,31,1976.084932,226
1976,2,7,1976.10411,316
1976,2,14,1976.123288,558
1976,2,21,1976.142466,196
1976,2,28,1976.161644,266
1976,3,6,1976.180822,226
1976,3,13,1976.2,381
1976,3,20,1976.219178,210
1976,3,27,1976.238356,202
1976,4,3,1976.257534,250
1976,4,10,1976.276712,241
1976,4,17,1976.29589,324
1976,4,24,1976.315068,197
1976,5,1,1976.334247,229
1976,5,8,1976.353425,335
1976,5,15,1976.372603,336
1976,5,22,1976.391781,410
1976,5,29,1976.410959,361
1976,6,5,1976.430137,431
1976,6,12,1976.449315,168
1976,6,19,1976.468493,530
1976,6,26,1976.487671,172
1976,7,3,1976.506849,717
1976,7,10,1976.526027,234
1976,7,17,1976.545205,127
1976,7,24,1976.564384,46
1976,7,31,1976.583562,48
1976,8,7,1976.60274,37
1976,8,14,1976.621918,62
1976,8,21,1976.641096,31
1976,8,28,1976.660274,42
1976,9,4,1976.679452,29
1976,9,11,1976.69863,14
1976,9,18,1976.717808,11
1976,9,25,1976.736986,35
1976,10,2,1976.756164,30
1976,10,9,1976.775342,75
1976,10,16,1976.794521,78
1976,10,23,1976.813699,154
1976,10,30,1976.832877,182
1976,11,6,1976.852055,168
1976,11,13,1976.871233,218
1976,11,20,1976.890411,269
1976,11,27,1976.909589,317
1976,12,4,1976.928767,353
1976,12,11,1976.947945,226
1976,12,18,1976.967123,290
1976,12,25,1976.986301,136
1977,1,1,1977.00274,167
1977,1,8,1977.021918,419
1977,1,15,1977.041096,436
1977,1,22,1977.060274,419
1977,1,29,1977.079452,983
1977,2,5,1977.09863,480
1977,2,12,1977.117808,625
1977,2,19,1977.136986,327
1977,2,26,1977.156164,802
1977,3,5,1977.175342,800
1977,3,12,1977.194521,690
1977,3,19,1977.213699,563
1977,3,26,1977.232877,408
1977,4,2,1977.252055,590
1977,4,9,1977.271233,427
1977,4,16,1977.290411,514
1977,4,23,1977.309589,975
1977,4,30,1977.328767,818
1977,5,7,1977.347945,656
1977,5,14,1977.367123,620
1977,5,21,1977.386301,429
1977,5,28,1977.405479,612
1977,6,4,1977.424658,878
1977,6,11,1977.443836,428
1977,6,18,1977.463014,1143
1977,6,25,1977.482192,383
1977,7,2,1977.50137,624
1977,7,9,1977.520548,401
1977,7,16,1977.539726,633
1977,7,23,1977.558904,101
1977,7,30,1977.578082,58
1977,8,6,1977.59726,54
1977,8,13,1977.616438,50
1977,8,20,1977.635616,26
1977,8,27,1977.654795,111
1977,9,3,1977.673973,17
1977,9,10,1977.693151,36
1977,9,17,1977.712329,35
1977,9,24,1977.731507,26
1977,10,1,1977.750685,41
1977,10,8,1977.769863,45
1977,10,15,1977.789041,40
1977,10,22,1977.808219,96
1977,10,29,1977.827397,11
1977,11,5,1977.846575,142
1977,11,12,1977.865753,140
1977,11,19,1977.884932,174
1977,11,26,1977.90411,135
1977,12,3,1977.923288,179
1977,12,10,1977.942466,99
1977,12,17,1977.961644,408
1977,12,24,1977.980822,90
1977,12,31,1978,164
1978,1,7,1978.019178,176
1978,1,14,1978.038356,260
1978,1,21,1978.057534,356
1978,1,28,1978.076712,41
1978,2,4,1978.09589,194
1978,2,11,1978.115068,579
1978,2,18,1978.134247,181
1978,2,25,1978.153425,213
1978,3,4,1978.172603,324
1978,3,11,1978.191781,339
1978,3,18,1978.210959,194
1978,3,25,1978.230137,240
1978,4,1,1978.249315,102
1978,4,8,1978.268493,517
1978,4,15,1978.287671,399
1978,4,22,1978.306849,254
1978,4,29,1978.326027,327
1978,5,6,1978.345205,509
1978,5,13,1978.364384,385
1978,5,20,1978.383562,427
1978,5,27,1978.40274,396
1978,6,3,1978.421918,373
1978,6,10,1978.441096,599
1978,6,17,1978.460274,555
1978,6,24,1978.479452,676
1978,7,1,1978.49863,202
1978,7,8,1978.517808,332
1978,7,15,1978.536986,193
1978,7,22,1978.556164,167
1978,7,29,1978.575342,7
1978,8,5,1978.594521,107
1978,8,12,1978.613699,22
1978,8,19,1978.632877,33
1978,8,26,1978.652055,20
1978,9,2,1978.671233,14
1978,9,9,1978.690411,57
1978,9,16,1978.709589,33
1978,9,23,1978.728767,30
1978,9,30,1978.747945,14
1978,10,7,1978.767123,40
1978,10,14,1978.786301,36
1978,10,21,1978.805479,77
1978,10,28,1978.824658,166
1978,11,4,1978.843836,186
1978,11,11,1978.863014,94
1978,11,18,1978.882192,275
1978,11,25,1978.90137,74
1978,12,2,1978.920548,414
1978,12,9,1978.939726,487
1978,12,16,1978.958904,536
1978,12,23,1978.978082,220
1978,12,30,1978.99726,532
1979,1,6,1979.016438,435
1979,1,13,1979.035616,498
1979,1,20,1979.054795,944
1979,1,27,1979.073973,481
1979,2,3,1979.093151,665
1979,2,10,1979.112329,1026
1979,2,17,1979.131507,730
1979,2,24,1979.150685,532
1979,3,3,1979.169863,443
1979,3,10,1979.189041,935
1979,3,17,1979.208219,633
1979,3,24,1979.227397,599
1979,3,31,1979.246575,419
1979,4,7,1979.265753,533
1979,4,14,1979.284932,659
1979,4,21,1979.30411,596
1979,4,28,1979.323288,621
1979,5,5,1979.342466,885
1979,5,12,1979.361644,736
1979,5,19,1979.380822,588
1979,5,26,1979.4,697
1979,6,2,1979.419178,601
1979,6,9,1979.438356,777
1979,6,16,1979.457534,736
1979,6,23,1979.476712,1032
1979,6,30,1979.49589,1001
1979,7,7,1979.515068,320
1979,7,14,1979.534247,189
1979,7,21,1979.553425,118
1979,7,28,1979.572603,100
1979,8,4,1979.591781,19
1979,8,11,1979.610959,53
1979,8,18,1979.630137,40
1979,8,25,1979.649315,26
1979,9,1,1979.668493,14
1979,9,8,1979.687671,9
1979,9,15,1979.706849,13
1979,9,22,1979.726027,48
1979,9,29,1979.745205,30
1979,10,6,1979.764384,39
1979,10,13,1979.783562,66
1979,10,20,1979.80274,81
1979,10,27,1979.821918,135
1979,11,3,1979.841096,92
1979,11,10,1979.860274,143
1979,11,17,1979.879452,130
1979,11,24,1979.89863,266
1979,12,1,1979.917808,130
1979,12,8,1979.936986,379
1979,12,15,1979.956164,143
1979,12,22,1979.975342,254
1979,12,29,1979.994521,164
1980,1,5,1980.013699,269
1980,1,12,1980.032877,328
1980,1,19,1980.052055,292
1980,1,26,1980.071233,319
1980,2,2,1980.090411,427
1980,2,9,1980.109589,465
1980,2,16,1980.128767,464
1980,2,23,1980.147945,564
1980,3,1,1980.167123,382
1980,3,8,1980.186301,578
1980,3,15,1980.205479,418
1980,3,22,1980.224658,210
1980,3,29,1980.243836,254
1980,4,5,1980.263014,319
1980,4,12,1980.282192,578
1980,4,19,1980.30137,301
1980,4,26,1980.320548,395
1980,5,3,1980.339726,502
1980,5,10,1980.358904,515
1980,5,17,1980.378082,371
1980,5,24,1980.39726,322
1980,5,31,1980.416438,432
1980,6,7,1980.435616,429
1980,6,14,1980.454795,524
1980,6,21,1980.473973,272
1980,6,28,1980.493151,230
1980,7,5,1980.512329,202
1980,7,12,1980.531507,233
1980,7,19,1980.550685,69
1980,7,26,1980.569863,37
1980,8,2,1980.589041,61
1980,8,9,1980.608219,35
1980,8,16,1980.627397,19
1980,8,23,1980.646575,13
1980,8,30,1980.665753,8
1980,9,6,1980.684932,14
1980,9,13,1980.70411,12
1980,9,20,1980.723288,22
1980,9,27,1980.742466,19
1980,10,4,1980.761644,48
1980,10,11,1980.780822,75
1980,10,18,1980.8,66
1980,10,25,1980.819178,76
1980,11,1,1980.838356,103
1980,11,8,1980.857534,137
1980,11,15,1980.876712,107
1980,11,22,1980.89589,286
1980,11,29,1980.915068,282
1980,12,6,1980.934247,181
1980,12,13,1980.953425,177
1980,12,20,1980.972603,0
1980,12,27,1980.991781,188
1981,1,3,1981.008219,224
1981,1,10,1981.027397,198
1981,1,17,1981.046575,245
1981,1,24,1981.065753,290
1981,1,31,1981.084932,228
1981,2,7,1981.10411,396
1981,2,14,1981.123288,349
1981,2,21,1981.142466,312
1981,2,28,1981.161644,346
1981,3,7,1981.180822,544
1981,3,14,1981.2,354
1981,3,21,1981.219178,497
1981,3,28,1981.238356,235
1981,4,4,1981.257534,237
1981,4,11,1981.276712,305
1981,4,18,1981.29589,411
1981,4,25,1981.315068,597
1981,5,2,1981.334247,380
1981,5,9,1981.353425,470
1981,5,16,1981.372603,467
1981,5,23,1981.391781,429
1981,5,30,1981.410959,522
1981,6,6,1981.430137,685
1981,6,13,1981.449315,621
1981,6,20,1981.468493,459
1981,6,27,1981.487671,94
1981,7,4,1981.506849,480
1981,7,11,1981.526027,89
1981,7,18,1981.545205,55
1981,7,25,1981.564384,19
1981,8,1,1981.583562,52
1981,8,8,1981.60274,30
1981,8,15,1981.621918,60
1981,8,22,1981.641096,31
1981,8,29,1981.660274,23
1981,9,5,1981.679452,49
1981,9,12,1981.69863,9
1981,9,19,1981.717808,17
1981,9,26,1981.736986,31
1981,10,3,1981.756164,39
1981,10,10,1981.775342,59
1981,10,17,1981.794521,41
1981,10,24,1981.813699,178
1981,10,31,1981.832877,140
1981,11,7,1981.852055,222
1981,11,14,1981.871233,241
1981,11,21,1981.890411,235
1981,11,28,1981.909589,216
1981,12,5,1981.928767,502
1981,12,12,1981.947945,268
1981,12,19,1981.967123,0
1981,12,26,1981.986301,671
1982,1,2,1982.005479,160
1982,1,9,1982.024658,428
1982,1,16,1982.043836,486
1982,1,23,1982.063014,415
1982,1,30,1982.082192,397
1982,2,6,1982.10137,821
1982,2,13,1982.120548,621
1982,2,20,1982.139726,441
1982,2,27,1982.158904,673
1982,3,6,1982.178082,634
1982,3,13,1982.19726,1080
1982,3,20,1982.216438,383
1982,3,27,1982.235616,319
1982,4,3,1982.254795,930
1982,4,10,1982.273973,520
1982,4,17,1982.293151,641
1982,4,24,1982.312329,573
1982,5,1,1982.331507,449
1982,5,8,1982.350685,1126
1982,5,15,1982.369863,461
1982,5,22,1982.389041,415
1982,5,29,1982.408219,484
1982,6,5,1982.427397,689
1982,6,12,1982.446575,500
1982,6,19,1982.465753,552
1982,6,26,1982.484932,474
1982,7,3,1982.50411,523
1982,7,10,1982.523288,391
1982,7,17,1982.542466,122
1982,7,24,1982.561644,31
1982,7,31,1982.580822,92
1982,8,7,1982.6,71
1982,8,14,1982.619178,7
1982,8,21,1982.638356,13
1982,8,28,1982.657534,39
1982,9,4,1982.676712,27
1982,9,11,1982.69589,14
1982,9,18,1982.715068,26
1982,9,25,1982.734247,61
1982,10,2,1982.753425,52
1982,10,9,1982.772603,23
1982,10,16,1982.791781,76
1982,10,23,1982.810959,92
1982,10,30,1982.830137,69
1982,11,6,1982.849315,86
1982,11,13,1982.868493,223
1982,11,20,1982.887671,161
1982,11,27,1982.906849,171
1982,12,4,1982.926027,263
1982,12,11,1982.945205,302
1982,12,18,1982.964384,186
1982,12,25,1982.983562,287
1983,1,1,1983.00274,182
1983,1,8,1983.021918,235
1983,1,15,1983.041096,377
1983,1,22,1983.060274,274
1983,1,29,1983.079452,312
1983,2,5,1983.09863,586
1983,2,12,1983.117808,380
1983,2,19,1983.136986,382
1983,2,26,1983.156164,364
1983,3,5,1983.175342,847
1983,3,12,1983.194521,631
1983,3,19,1983.213699,254
1983,3,26,1983.232877,351
1983,4,2,1983.252055,333
1983,4,9,1983.271233,505
1983,4,16,1983.290411,504
1983,4,23,1983.309589,410
1983,4,30,1983.328767,781
1983,5,7,1983.347945,767
1983,5,14,1983.367123,638
1983,5,21,1983.386301,486
1983,5,28,1983.405479,713
1983,6,4,1983.424658,815
1983,6,11,1983.443836,664
1983,6,18,1983.463014,546
1983,6,25,1983.482192,401
1983,7,2,1983.50137,663
1983,7,9,1983.520548,359
1983,7,16,1983.539726,97
1983,7,23,1983.558904,321
1983,7,30,1983.578082,44
1983,8,6,1983.59726,12
1983,8,13,1983.616438,8
1983,8,20,1983.635616,37
1983,8,27,1983.654795,10
1983,9,3,1983.673973,12
1983,9,10,1983.693151,24
1983,9,17,1983.712329,70
1983,9,24,1983.731507,11
1983,10,1,1983.750685,17
1983,10,8,1983.769863,24
1983,10,15,1983.789041,55
1983,10,22,1983.808219,45
1983,10,29,1983.827397,23
1983,11,5,1983.846575,44
1983,11,12,1983.865753,69
1983,11,19,1983.884932,79
1983,11,26,1983.90411,89
1983,12,3,1983.923288,212
1983,12,10,1983.942466,292
1983,12,17,1983.961644,197
1983,12,24,1983.980822,134
1983,12,31,1984,35
1984,1,7,1984.019178,234
1984,1,14,1984.038356,232
1984,1,21,1984.057534,217
1984,1,28,1984.076712,190
1984,2,4,1984.09589,205
1984,2,11,1984.115068,607
1984,2,18,1984.134247,365
1984,2,25,1984.153425,431
1984,3,3,1984.172603,136
1984,3,10,1984.191781,612
1984,3,17,1984.210959,397
1984,3,24,1984.230137,330
1984,3,31,1984.249315,283
1984,4,7,1984.268493,222
1984,4,14,1984.287671,272
1984,4,21,1984.306849,358
1984,4,28,1984.326027,414
1984,5,5,1984.345205,819
1984,5,12,1984.364384,515
1984,5,19,1984.383562,407
1984,5,26,1984.40274,505
1984,6,2,1984.421918,554
1984,6,9,1984.441096,337
1984,6,16,1984.460274,607
1984,6,23,1984.479452,600
1984,6,30,1984.49863,534
1984,7,7,1984.517808,478
1984,7,14,1984.536986,206
1984,7,21,1984.556164,200
1984,7,28,1984.575342,81
1984,8,4,1984.594521,51
1984,8,11,1984.613699,27
1984,8,18,1984.632877,48
1984,8,25,1984.652055,34
1984,9,1,1984.671233,11
1984,9,8,1984.690411,15
1984,9,15,1984.709589,20
1984,9,22,1984.728767,350
1984,9,29,1984.747945,24
1984,10,6,1984.767123,43
1984,10,13,1984.786301,62
1984,10,20,1984.805479,153
1984,10,27,1984.824658,77
1984,11,3,1984.843836,136
1984,11,10,1984.863014,128
1984,11,17,1984.882192,406
1984,11,24,1984.90137,298
1984,12,1,1984.920548,379
1984,12,8,1984.939726,576
1984,12,15,1984.958904,355
1984,12,22,1984.978082,571
1984,12,29,1984.99726,58
1985,1,5,1985.013699,313
1985,1,12,1985.032877,509
1985,1,19,1985.052055,887
1985,1,26,1985.071233,742
1985,2,2,1985.090411,566
1985,2,9,1985.109589,445
1985,2,16,1985.128767,987
1985,2,23,1985.147945,714
1985,3,2,1985.167123,326
1985,3,9,1985.186301,630
1985,3,16,1985.205479,431
1985,3,23,1985.224658,1194
1985,3,30,1985.243836,458
1985,4,6,1985.263014,748
1985,4,13,1985.282192,905
1985,4,20,1985.30137,1107
1985,4,27,1985.320548,653
1985,5,4,1985.339726,493
1985,5,11,1985.358904,684
1985,5,18,1985.378082,1004
1985,5,25,1985.39726,911
1985,6,1,1985.416438,658
1985,6,8,1985.435616,718
1985,6,15,1985.454795,895
1985,6,22,1985.473973,1002
1985,6,29,1985.493151,596
1985,7,6,1985.512329,521
1985,7,13,1985.531507,417
1985,7,20,1985.550685,170
1985,7,27,1985.569863,101
1985,8,3,1985.589041,120
1985,8,10,1985.608219,62
1985,8,17,1985.627397,129
1985,8,24,1985.646575,110
1985,8,31,1985.665753,17
1985,9,7,1985.684932,24
1985,9,14,1985.70411,40
1985,9,21,1985.723288,67
1985,9,28,1985.742466,57
1985,10,5,1985.761644,104
1985,10,12,1985.780822,90
1985,10,19,1985.8,145
1985,10,26,1985.819178,134
1985,11,2,1985.838356,137
1985,11,9,1985.857534,190
1985,11,16,1985.876712,212
1985,11,23,1985.89589,180
1985,11,30,1985.915068,313
1985,12,7,1985.934247,142
1985,12,14,1985.953425,555
1985,12,21,1985.972603,325
1985,12,28,1985.991781,237
1986,1,4,1986.010959,134
1986,1,11,1986.030137,312
1986,1,18,1986.049315,562
1986,1,25,1986.068493,442
1986,2,1,1986.087671,666
1986,2,8,1986.106849,748
1986,2,15,1986.126027,447
1986,2,22,1986.145205,644
1986,3,1,1986.164384,798
1986,3,8,1986.183562,390
1986,3,15,1986.20274,616
1986,3,22,1986.221918,503
1986,3,29,1986.241096,264
1986,4,5,1986.260274,450
1986,4,12,1986.279452,666
1986,4,19,1986.29863,559
1986,4,26,1986.317808,811
1986,5,3,1986.336986,660
1986,5,10,1986.356164,614
1986,5,17,1986.375342,693
1986,5,24,1986.394521,637
1986,5,31,1986.413699,1200
1986,6,7,1986.432877,725
1986,6,14,1986.452055,687
1986,6,21,1986.471233,724
1986,6,28,1986.490411,250
1986,7,5,1986.509589,641
1986,7,12,1986.528767,291
1986,7,19,1986.547945,89
1986,7,26,1986.567123,86
1986,8,2,1986.586301,64
1986,8,9,1986.605479,43
1986,8,16,1986.624658,31
1986,8,23,1986.643836,25
1986,8,30,1986.663014,13
1986,9,6,1986.682192,316
1986,9,13,1986.70137,42
1986,9,20,1986.720548,70
1986,9,27,1986.739726,60
1986,10,4,1986.758904,136
1986,10,11,1986.778082,135
1986,10,18,1986.79726,117
1986,10,25,1986.816438,145
1986,11,1,1986.835616,102
1986,11,8,1986.854795,270
1986,11,15,1986.873973,241
1986,11,22,1986.893151,266
1986,11,29,1986.912329,380
1986,12,6,1986.931507,453
1986,12,13,1986.950685,348
1986,12,20,1986.969863,257
1986,12,27,1986.989041,283
1987,1,3,1987.008219,381
1987,1,10,1987.027397,516
1987,1,17,1987.046575,325
1987,1,24,1987.065753,584
1987,1,31,1987.084932,332
1987,2,7,1987.10411,451
1987,2,14,1987.123288,832
1987,2,21,1987.142466,493
1987,2,28,1987.161644,781
1987,3,7,1987.180822,948
1987,3,14,1987.2,899
1987,3,21,1987.219178,699
1987,3,28,1987.238356,721
1987,4,4,1987.257534,472
1987,4,11,1987.276712,705
1987,4,18,1987.29589,1173
1987,4,25,1987.315068,689
1987,5,2,1987.334247,856
1987,5,9,1987.353425,852
1987,5,16,1987.372603,2484
1987,5,23,1987.391781,1749
1987,5,30,1987.410959,569
1987,6,6,1987.430137,1291
1987,6,13,1987.449315,1796
1987,6,20,1987.468493,1622
1987,6,27,1987.487671,1670
1987,7,4,1987.506849,656
1987,7,11,1987.526027,760
1987,7,18,1987.545205,208
1987,7,25,1987.564384,226
1987,8,1,1987.583562,44
1987,8,8,1987.60274,487
1987,8,15,1987.621918,92
1987,8,22,1987.641096,58
1987,8,29,1987.660274,62
1987,9,5,1987.679452,24
1987,9,12,1987.69863,28
1987,9,19,1987.717808,131
1987,9,26,1987.736986,45
1987,10,3,1987.756164,112
1987,10,10,1987.775342,55
1987,10,17,1987.794521,99
1987,10,24,1987.813699,155
1987,10,31,1987.832877,167
1987,11,7,1987.852055,123
1987,11,14,1987.871233,198
1987,11,21,1987.890411,234
1987,11,28,1987.909589,282
1987,12,5,1987.928767,398
1987,12,12,1987.947945,325
1987,12,19,1987.967123,412
1987,12,26,1987.986301,411
1988,1,2,1988.005479,216
1988,1,9,1988.024658,548
1988,1,16,1988.043836,494
1988,1,23,1988.063014,1015
1988,1,30,1988.082192,329
1988,2,6,1988.10137,691
1988,2,13,1988.120548,729
1988,2,20,1988.139726,505
1988,2,27,1988.158904,530
1988,3,5,1988.178082,854
1988,3,12,1988.19726,1295
1988,3,19,1988.216438,658
1988,3,26,1988.235616,789
1988,4,2,1988.254795,784
1988,4,9,1988.273973,673
1988,4,16,1988.293151,650
1988,4,23,1988.312329,1137
1988,4,30,1988.331507,392
1988,5,7,1988.350685,1412
1988,5,14,1988.369863,518
1988,5,21,1988.389041,851
1988,5,28,1988.408219,1002
1988,6,4,1988.427397,1076
1988,6,11,1988.446575,1020
1988,6,18,1988.465753,827
1988,6,25,1988.484932,693
1988,7,2,1988.50411,883
1988,7,9,1988.523288,689
1988,7,16,1988.542466,148
1988,7,23,1988.561644,224
1988,7,30,1988.580822,246
1988,8,6,1988.6,414
1988,8,13,1988.619178,120
1988,8,20,1988.638356,81
1988,8,27,1988.657534,34
1988,9,3,1988.676712,34
1988,9,10,1988.69589,29
1988,9,17,1988.715068,75
1988,9,24,1988.734247,46
1988,10,1,1988.753425,130
1988,10,8,1988.772603,61
1988,10,15,1988.791781,100
1988,10,22,1988.810959,101
1988,10,29,1988.830137,284
1988,11,5,1988.849315,110
1988,11,12,1988.868493,545
1988,11,19,1988.887671,161
1988,11,26,1988.906849,469
1988,12,3,1988.926027,310
1988,12,10,1988.945205,520
1988,12,17,1988.964384,713
1988,12,24,1988.983562,0
1988,12,31,1989.00274,0
1989,1,7,1989.019178,481
1989,1,14,1989.038356,540
1989,1,21,1989.057534,338
1989,1,28,1989.076712,472
1989,2,4,1989.09589,498
1989,2,11,1989.115068,398
1989,2,18,1989.134247,311
1989,2,25,1989.153425,637
1989,3,4,1989.172603,719
1989,3,11,1989.191781,335
1989,3,18,1989.210959,617
1989,3,25,1989.230137,346
1989,4,1,1989.249315,496
1989,4,8,1989.268493,847
1989,4,15,1989.287671,882
1989,4,22,1989.306849,436
1989,4,29,1989.326027,396
1989,5,6,1989.345205,845
1989,5,13,1989.364384,823
1989,5,20,1989.383562,601
1989,5,27,1989.40274,796
1989,6,3,1989.421918,989
1989,6,10,1989.441096,1195
1989,6,17,1989.460274,942
1989,6,24,1989.479452,1051
1989,7,1,1989.49863,486
1989,7,8,1989.517808,748
1989,7,15,1989.536986,604
1989,7,22,1989.556164,223
1989,7,29,1989.575342,90
1989,8,5,1989.594521,318
1989,8,12,1989.613699,62
1989,8,19,1989.632877,116
1989,8,26,1989.652055,50
1989,9,2,1989.671233,42
1989,9,9,1989.690411,119
1989,9,16,1989.709589,39
1989,9,23,1989.728767,83
1989,9,30,1989.747945,130
1989,10,7,1989.767123,142
1989,10,14,1989.786301,206
1989,10,21,1989.805479,257
1989,10,28,1989.824658,181
1989,11,4,1989.843836,270
1989,11,11,1989.863014,362
1989,11,18,1989.882192,229
1989,11,25,1989.90137,316
1989,12,2,1989.920548,364
1989,12,9,1989.939726,447
1989,12,16,1989.958904,235
1989,12,23,1989.978082,583
1989,12,30,1989.99726,753
