1944.02,218
1944.04,226
1944.06,257
1944.08,373
1944.1,440
1944.12,454
1944.13,522
1944.15,527
1944.17,651
1944.19,545
1944.21,692
1944.23,806
1944.25,774
1944.27,848
1944.29,765
1944.31,934
1944.33,663
1944.35,653
1944.37,668
1944.38,680
1944.4,853
1944.42,925
1944.44,1027
1944.46,824
1944.48,862
1944.5,769
1944.52,847
1944.54,779
1944.56,765
1944.58,665
1944.6,672
1944.62,519
1944.63,473
1944.65,358
1944.67,359
1944.69,363
1944.71,445
1944.73,583
1944.75,664
1944.77,936
1944.79,1133
1944.81,1380
1944.83,1717
1944.85,1890
1944.87,2644
1944.88,2551
1944.9,3361
1944.92,3483
1944.94,4207
1944.96,3947
1944.98,4095
1945,3632
1945.02,5034
1945.04,4661
1945.06,4997
1945.08,4991
1945.1,5794
1945.12,7145
1945.13,6685
1945.15,8016
1945.17,7812
1945.19,8866
1945.21,9089
1945.23,8549
1945.25,7429
1945.27,7068
1945.29,6145
1945.31,4838
1945.33,4352
1945.35,3231
1945.37,3163
1945.38,3395
1945.4,2526
1945.42,2177
1945.44,1648
1945.46,1525
1945.48,1207
1945.5,1044
1945.52,800
1945.54,719
1945.56,634
1945.58,541
1945.6,423
1945.62,319
1945.63,258
1945.65,271
1945.67,209
1945.69,138
1945.71,147
1945.73,130
1945.75,133
1945.77,109
1945.79,128
1945.81,133
1945.83,132
1945.85,146
1945.87,136
1945.88,165
1945.9,185
1945.92,199
1945.94,215
1945.96,277
1945.98,283
1946,259
1946.02,388
1946.04,300
1946.06,331
1946.08,365
1946.1,610
1946.12,599
1946.13,697
1946.15,780
1946.17,721
1946.19,977
1946.21,795
1946.23,1082
1946.25,1322
1946.27,1346
1946.29,1582
1946.31,1612
1946.33,1687
1946.35,1739
1946.37,1492
1946.38,1440
1946.4,1733
1946.42,1817
1946.44,1804
1946.46,1967
1946.48,1809
1946.5,1697
1946.52,1682
1946.54,1549
1946.56,1394
1946.58,1245
1946.6,1097
1946.62,1179
1946.63,882
1946.65,735
1946.67,571
1946.69,460
1946.71,446
1946.73,431
1946.75,499
1946.77,676
1946.79,640
1946.81,839
1946.83,1013
1946.85,1226
1946.87,1577
1946.88,1655
1946.9,2204
1946.92,2359
1946.94,2703
1946.96,2705
1946.98,2955
1947,2854
1947.02,4366
1947.04,4073
1947.06,4371
1947.08,4552
1947.09,5223
1947.11,6621
1947.13,6102
1947.15,6072
1947.17,5091
1947.19,4797
1947.21,4269
1947.23,4372
1947.25,4317
1947.26,3207
1947.28,3844
1947.3,3424
1947.32,2835
1947.34,2854
1947.36,3400
1947.38,3976
1947.4,3962
1947.42,3643
1947.43,4134
1947.45,3188
1947.47,3158
1947.49,2836
1947.51,2954
1947.53,2506
1947.55,2292
1947.57,2014
1947.58,1865
1947.6,1518
1947.62,1122
1947.64,783
1947.66,563
1947.68,350
1947.7,269
1947.72,251
1947.74,246
1947.75,216
1947.77,267
1947.79,312
1947.81,373
1947.83,456
1947.85,505
1947.87,599
1947.89,582
1947.91,721
1947.92,799
1947.94,971
1947.96,948
1947.98,676
1948,1368
1948.02,1037
1948.04,1009
1948.06,975
1948.08,1210
1948.1,1603
1948.12,1871
1948.13,2355
1948.15,2464
1948.17,3049
1948.19,3150
1948.21,3810
1948.23,3767
1948.25,4137
1948.27,4516
1948.29,3968
1948.31,3587
1948.33,3824
1948.35,3553
1948.37,4393
1948.38,4034
1948.4,4651
1948.42,3770
1948.44,4505
1948.46,3640
1948.48,3855
1948.5,3169
1948.52,2997
1948.54,3305
1948.56,3137
1948.58,3016
1948.6,2471
1948.62,2163
1948.63,1751
1948.65,1375
1948.67,1083
1948.69,1009
1948.71,975
1948.73,1037
1948.75,1197
1948.77,1427
1948.79,1663
1948.81,1897
1948.83,2220
1948.85,2428
1948.87,2824
1948.88,2893
1948.9,3686
1948.92,3461
1948.94,4373
1948.96,4122
1948.98,4036
1949,4561
1949.02,5329
1949.04,4816
1949.06,4140
1949.08,4552
1949.1,5063
1949.12,6606
1949.13,6870
1949.15,6614
1949.17,6600
1949.19,5642
1949.21,5506
1949.23,5010
1949.25,5075
1949.27,5038
1949.29,4769
1949.31,4735
1949.33,4132
1949.35,3345
1949.37,2924
1949.38,2847
1949.4,2952
1949.42,2901
1949.44,2787
1949.46,2834
1949.48,2095
1949.5,2194
1949.52,1829
1949.54,1814
1949.56,1529
1949.58,1298
1949.6,1124
1949.62,957
1949.63,617
1949.65,524
1949.67,398
1949.69,338
1949.71,277
1949.73,229
1949.75,295
1949.77,259
1949.79,339
1949.81,464
1949.83,388
1949.85,463
1949.87,444
1949.88,718
1949.9,703
1949.92,829
1949.94,820
1949.96,893
1949.98,912
1950,963
1950.02,1162
1950.04,1111
1950.06,1145
1950.08,1067
1950.1,1447
1950.12,1609
1950.13,1649
1950.15,1967
1950.17,1825
1950.19,2124
1950.21,2040
1950.23,2314
1950.25,2398
1950.27,2045
1950.29,2732
1950.31,2391
1950.33,2479
1950.35,2419
1950.37,2571
1950.38,3129
1950.4,3281
1950.42,3352
1950.44,3646
1950.46,3134
1950.48,3071
1950.5,3096
1950.52,3109
1950.54,3129
1950.56,2830
1950.58,2777
1950.6,2512
1950.62,2181
1950.63,1838
1950.65,1483
1950.67,1180
1950.69,919
1950.71,819
1950.73,964
1950.75,1059
1950.77,1492
1950.79,1848
1950.81,2213
1950.83,2520
1950.85,2879
1950.87,3103
1950.88,3790
1950.9,4278
1950.92,4891
1950.94,5482
1950.96,5852
1950.98,5594
1951,7100
1951.02,8510
1951.04,7704
1951.06,6559
1951.08,5875
1951.1,6082
1951.12,7514
1951.13,8191
1951.15,9605
1951.17,9793
1951.19,9662
1951.21,10716
1951.23,9341
1951.25,9717
1951.27,9343
1951.29,7574
1951.31,6608
1951.33,6049
1951.35,5566
1951.37,6140
1951.38,5473
1951.4,5842
1951.42,4829
1951.44,4647
1951.46,3792
1951.48,3458
1951.5,2956
1951.52,2587
1951.54,2053
1951.56,1878
1951.58,1552
1951.6,1421
1951.62,994
1951.63,918
1951.65,715
1951.67,575
1951.69,469
1951.71,385
1951.73,387
1951.75,380
1951.77,388
1951.79,532
1951.81,615
1951.83,653
1951.85,713
1951.87,747
1951.88,809
1951.9,787
1951.92,868
1951.94,846
1951.96,1009
1951.98,914
1952,994
1952.02,1588
1952.04,1379
1952.06,1518
1952.08,1331
1952.09,1481
1952.11,1934
1952.13,2023
1952.15,2497
1952.17,2610
1952.19,3127
1952.21,3008
1952.23,3233
1952.25,3018
1952.26,2871
1952.28,2301
1952.3,2666
1952.32,2596
1952.34,1999
1952.36,1958
1952.38,2338
1952.4,2520
1952.42,2929
1952.43,2814
1952.45,3214
1952.47,2984
1952.49,3245
1952.51,2975
1952.53,3449
1952.55,3069
1952.57,3193
1952.58,3068
1952.6,2948
1952.62,2412
1952.64,1993
1952.66,1493
1952.68,1128
1952.7,847
1952.72,1031
1952.74,1166
1952.75,1683
1952.77,1968
1952.79,2627
1952.81,2945
1952.83,3898
1952.85,3864
1952.87,4355
1952.89,4330
1952.91,5453
1952.92,6015
1952.94,6663
1952.96,7273
1952.98,5389
1953,11593
1953.02,8964
1953.04,7630
1953.06,7183
1953.08,8091
1953.1,9106
1953.12,9114
1953.13,9092
1953.15,8703
1953.17,7729
1953.19,7588
1953.21,7337
1953.23,7401
1953.25,6190
1953.27,6698
1953.29,5654
1953.31,4468
1953.33,3558
1953.35,3037
1953.37,2947
1953.38,2780
1953.4,2387
1953.42,2386
1953.44,2090
1953.46,2301
1953.48,2023
1953.5,1978
1953.52,1433
1953.54,1353
1953.56,1040
1953.58,942
1953.6,712
1953.62,601
1953.63,416
1953.65,315
1953.67,271
1953.69,183
1953.71,140
1953.73,125
1953.75,176
1953.77,164
1953.79,203
1953.81,165
1953.83,225
1953.85,226
1953.87,243
1953.88,231
1953.9,304
1953.92,282
1953.94,282
1953.96,251
1953.98,166
1954,515
1954.02,368
1954.04,439
1954.06,372
1954.08,480
1954.1,544
1954.12,701
1954.13,698
1954.15,764
1954.17,807
1954.19,689
1954.21,695
1954.23,629
1954.25,774
1954.27,896
1954.29,704
1954.31,717
1954.33,649
1954.35,618
1954.37,563
1954.38,643
1954.4,611
1954.42,887
1954.44,867
1954.46,1044
1954.48,887
1954.5,1126
1954.52,1044
1954.54,1241
1954.56,1234
1954.58,1321
1954.6,1093
1954.62,1209
1954.63,940
1954.65,715
1954.67,686
1954.69,493
1954.71,672
1954.73,684
1954.75,908
1954.77,1203
1954.79,1221
1954.81,1615
1954.83,1775
1954.85,2063
1954.87,1889
1954.88,2215
1954.9,2453
1954.92,2840
1954.94,2916
1954.96,2988
1954.98,2534
1955,3877
1955.02,4089
1955.04,3409
1955.06,3020
1955.08,4409
1955.1,5108
1955.12,7315
1955.13,7968
1955.15,9450
1955.17,10686
1955.19,10238
1955.21,11897
1955.23,11813
1955.25,13524
1955.27,11394
1955.29,12499
1955.31,10926
1955.33,8534
1955.35,7277
1955.37,7110
1955.38,7750
1955.4,8254
1955.42,7396
1955.44,8277
1955.46,6457
1955.48,5971
1955.5,4834
1955.52,4409
1955.54,3470
1955.56,3012
1955.58,2571
1955.6,1903
1955.62,1518
1955.63,1125
1955.65,751
1955.67,516
1955.69,294
1955.71,220
1955.73,191
1955.75,267
1955.77,213
1955.79,240
1955.81,292
1955.83,271
1955.85,293
1955.87,270
1955.88,440
1955.9,326
1955.92,476
1955.94,499
1955.96,487
1955.98,484
1956,606
1956.02,684
1956.04,463
1956.06,366
1956.08,485
1956.1,396
1956.12,519
1956.13,530
1956.15,579
1956.17,606
1956.19,538
1956.21,649
1956.23,543
1956.25,636
1956.27,665
1956.29,707
1956.31,497
1956.33,490
1956.35,550
1956.37,653
1956.38,806
1956.4,788
1956.42,1013
1956.44,954
1956.46,1058
1956.48,896
1956.5,1210
1956.52,926
1956.54,1047
1956.56,1016
1956.58,1083
1956.6,982
1956.62,761
1956.63,769
1956.65,654
1956.67,529
1956.69,401
1956.71,359
1956.73,357
1956.75,414
1956.77,528
1956.79,603
1956.81,838
1956.83,889
1956.85,960
1956.87,972
1956.88,1152
1956.9,1330
1956.92,1654
1956.94,1897
1956.96,2299
1956.98,2511
1957,2608
1957.02,4154
1957.04,3770
1957.06,3324
1957.08,3756
1957.1,4901
1957.12,6403
1957.13,7057
1957.15,8280
1957.17,8351
1957.19,8931
1957.21,8849
1957.23,9817
1957.25,8809
1957.27,8788
1957.29,9533
1957.31,7899
1957.33,9241
1957.35,8275
1957.37,6394
1957.38,5813
1957.4,6436
1957.42,6932
1957.44,7124
1957.46,6888
1957.48,7285
1957.5,5227
1957.52,4967
1957.54,3909
1957.56,3714
1957.58,3081
1957.6,2669
1957.62,2072
1957.63,1655
1957.65,1141
1957.67,680
1957.69,510
1957.71,315
1957.73,252
1957.75,222
1957.77,215
1957.79,208
1957.81,226
1957.83,269
1957.85,297
1957.87,371
1957.88,344
1957.9,364
1957.92,388
1957.94,456
1957.96,573
1957.98,485
1958,523
1958.02,971
1958.04,779
1958.06,653
1958.08,686
1958.09,955
1958.11,1159
1958.13,1404
1958.15,1583
1958.17,1458
1958.19,1541
1958.21,1361
1958.23,1589
1958.25,1520
1958.26,1528
1958.28,1852
1958.3,1976
1958.32,1517
1958.34,1296
1958.36,1349
1958.38,1644
1958.4,1916
1958.42,2073
1958.43,2287
1958.45,2005
1958.47,2377
1958.49,2035
1958.51,2190
1958.53,2250
1958.55,2135
1958.57,2082
1958.58,2000
1958.6,1599
1958.62,1445
1958.64,1059
1958.66,857
1958.68,616
1958.7,505
1958.72,480
1958.74,523
1958.75,531
1958.77,751
1958.79,916
1958.81,1043
1958.83,1277
1958.85,1399
1958.87,1597
1958.89,1813
1958.91,2053
1958.92,2527
1958.94,2785
1958.96,2966
1958.98,2404
1959,5538
1959.02,4520
1959.04,3984
1959.06,4082
1959.08,5010
1959.1,6069
1959.12,6713
1959.13,7504
1959.15,7118
1959.17,7034
1959.19,6891
1959.21,6726
1959.23,6572
1959.25,7732
1959.27,7308
1959.29,5795
1959.31,4615
1959.33,4550
1959.35,4790
1959.37,5349
1959.38,4925
1959.4,4990
1959.42,4114
1959.44,3896
1959.46,3168
1959.48,3359
1959.5,2723
1959.52,2454
1959.54,1904
1959.56,1651
1959.58,1387
1959.6,1030
1959.62,959
1959.63,681
1959.65,489
1959.67,309
1959.69,227
1959.71,223
1959.73,197
1959.75,235
1959.77,247
1959.79,214
1959.81,241
1959.83,246
1959.85,305
1959.87,256
1959.88,228
1959.9,299
1959.92,268
1959.94,266
1959.96,261
1959.98,224
1960,376
1960.02,328
1960.04,289
1960.06,270
1960.08,334
1960.1,467
1960.12,491
1960.13,660
1960.15,572
1960.17,756
1960.19,665
1960.21,676
1960.23,608
1960.25,801
1960.27,767
1960.29,728
1960.31,863
1960.33,848
1960.35,681
1960.37,679
1960.38,848
1960.4,902
1960.42,1116
1960.44,974
1960.46,1274
1960.48,1066
1960.5,1092
1960.52,1085
1960.54,1076
1960.56,1082
1960.58,1069
1960.6,997
1960.62,908
1960.63,758
1960.65,622
1960.67,516
1960.69,378
1960.71,371
1960.73,478
1960.75,607
1960.77,821
1960.79,1083
1960.81,1172
1960.83,1446
1960.85,1760
1960.87,1607
1960.88,1829
1960.9,1928
1960.92,2528
1960.94,2620
1960.96,3014
1960.98,3340
1961,4330
1961.02,6134
1961.04,5086
1961.06,4757
1961.08,5430
1961.1,6853
1961.12,9723
1961.13,10909
1961.15,11850
1961.17,12486
1961.19,12267
1961.21,12504
1961.23,11947
1961.25,11019
1961.27,12350
1961.29,12124
1961.31,9971
1961.33,7096
1961.35,5906
1961.37,6213
1961.38,6152
1961.4,5346
1961.42,5982
1961.44,4881
1961.46,4473
1961.48,3907
1961.5,3626
1961.52,2754
1961.54,2447
1961.56,2045
1961.58,1929
1961.6,1562
1961.62,1146
1961.63,878
1961.65,693
1961.67,598
1961.69,368
1961.71,269
1961.73,216
1961.75,231
1961.77,247
1961.79,339
1961.81,317
1961.83,316
1961.85,341
1961.87,270
1961.88,296
1961.9,334
1961.92,320
1961.94,306
1961.96,362
1961.98,277
1962,248
1962.02,280
1962.04,337
1962.06,220
1962.08,269
1962.1,278
1962.12,292
1962.13,286
1962.15,368
1962.17,383
1962.19,445
1962.21,419
1962.23,440
1962.25,493
1962.27,494
1962.29,531
1962.31,441
1962.33,464
1962.35,484
1962.37,386
1962.38,389
1962.4,388
1962.42,428
1962.44,451
1962.46,484
1962.48,602
1962.5,583
1962.52,588
1962.54,707
1962.56,968
1962.58,1072
1962.6,1090
1962.62,989
1962.63,1113
1962.65,805
1962.67,639
1962.69,578
1962.71,463
1962.73,471
1962.75,675
1962.77,877
1962.79,1261
1962.81,1590
1962.83,2019
1962.85,2140
1962.87,2517
1962.88,2727
1962.9,2957
1962.92,3633
1962.94,4116
1962.96,4755
1962.98,4882
1963,4262
1963.02,7837
1963.04,6986
1963.06,5605
1963.08,4828
1963.1,6001
1963.12,8038
1963.13,7314
1963.15,8156
1963.17,7211
1963.19,7004
1963.21,6416
1963.23,6080
1963.25,6426
1963.27,6159
1963.29,5446
1963.31,6272
1963.33,6233
1963.35,5079
1963.37,4121
1963.38,4192
1963.4,4362
1963.42,4982
1963.44,3899
1963.46,4902
1963.48,3639
1963.5,3325
1963.52,2929
1963.54,2752
1963.56,2389
1963.58,2414
1963.6,2117
1963.62,1556
1963.63,1485
1963.65,1224
1963.67,837
1963.69,584
1963.71,456
1963.73,395
1963.75,324
1963.77,408
1963.79,445
1963.81,461
1963.83,496
1963.85,566
1963.87,616
1963.88,623
1963.9,560
1963.92,630
1963.94,582
1963.96,741
1963.98,664
1964,471
1964.02,1062
1964.04,1025
1964.06,793
1964.08,896
1964.09,1086
1964.11,1501
1964.13,1581
1964.15,1668
1964.17,1650
1964.19,1693
1964.21,1618
1964.23,1969
1964.25,1387
1964.26,1675
1964.28,1745
1964.3,1525
1964.32,1283
1964.34,1337
1964.36,1475
1964.38,1680
1964.4,1584
1964.42,2234
1964.43,1914
1964.45,1884
1964.47,1992
1964.49,2224
1964.51,2451
1964.53,2436
1964.55,1734
1964.57,2355
1964.58,3135
1964.6,2159
1964.62,1980
1964.64,1560
1964.66,1206
1964.68,984
1964.7,717
1964.72,757
1964.74,730
1964.75,992
1964.77,1128
1964.79,1380
1964.81,1469
1964.83,1725
1964.85,1880
1964.87,2110
1964.89,2374
1964.91,2490
1964.92,2882
1964.94,3054
1964.96,3230
1964.98,2908
1965,4578
1965.02,4763
1965.04,4129
1965.06,3820
1965.08,3811
1965.1,4760
1965.12,5798
1965.13,6083
1965.15,5998
1965.17,6059
1965.19,5403
1965.21,5178
1965.23,4536
1965.25,7777
1965.27,6487
1965.29,5165
1965.31,5569
1965.33,5496
1965.35,4414
1965.37,3663
1965.38,3556
1965.4,3717
1965.42,4068
1965.44,3405
1965.46,3884
1965.48,3394
1965.5,3320
1965.52,2676
1965.54,2612
1965.56,2282
1965.58,2181
1965.6,2017
1965.62,1456
1965.63,1205
1965.65,870
1965.67,655
1965.69,572
1965.71,467
1965.73,456
1965.75,519
1965.77,634
1965.79,624
1965.81,748
1965.83,769
1965.85,877
1965.87,871
1965.88,968
1965.9,976
1965.92,1098
1965.94,1176
1965.96,1124
1965.98,1127
1966,1251
1966.02,1476
1966.04,1459
1966.06,1207
1966.08,1048
1966.1,1525
1966.12,1564
1966.13,1561
1966.15,1589
1966.17,1494
1966.19,1511
1966.21,1654
1966.23,1739
1966.25,2039
1966.27,1657
1966.29,2114
1966.31,2252
1966.33,1957
1966.35,1849
1966.37,1544
1966.38,1746
1966.4,2070
1966.42,2134
1966.44,2591
1966.46,2514
1966.48,2571
1966.5,2614
1966.52,2993
1966.54,2800
1966.56,3068
1966.58,2850
1966.6,3019
1966.62,2977
1966.63,2490
1966.65,1955
1966.67,1318
1966.69,1239
1966.71,943
1966.73,1043
1966.75,1198
1966.77,1684
1966.79,2116
1966.81,2561
1966.83,3087
1966.85,3243
1966.87,3621
1966.88,4131
1966.9,4756
1966.92,5186
1966.94,5911
1966.96,5714
1966.98,6300
1967,6740
1967.02,9476
1967.04,7454
1967.06,6534
1967.08,6731
1967.1,7791
1967.12,9183
1967.13,9833
1967.15,10065
1967.17,9495
1967.19,8480
1967.21,8031
1967.23,6210
1967.25,7067
1967.27,6563
1967.29,4808
1967.31,3874
1967.33,3229
1967.35,3155
1967.37,3100
1967.38,3074
1967.4,2970
1967.42,2431
1967.44,2532
1967.46,2184
1967.48,1720
1967.5,1616
1967.52,1539
1967.54,1378
1967.56,1224
1967.58,1072
1967.6,1103
1967.62,900
1967.63,761
1967.65,506
1967.67,342
1967.69,365
1967.71,272
1967.73,198
1967.75,273
1967.77,297
1967.79,293
1967.81,355
1967.83,319
1967.85,353
1967.87,350
1967.88,370
1967.9,368
1967.92,412
1967.94,401
1967.96,446
1967.98,449
1968,395
1968.02,664
1968.04,576
1968.06,444
1968.08,516
1968.09,576
1968.11,844
1968.13,998
1968.15,1072
1968.17,1205
1968.19,1183
1968.21,1347
1968.23,1430
1968.25,1853
1968.26,1838
1968.28,1582
1968.3,1820
1968.32,2272
1968.34,1962
1968.36,1791
1968.38,1960
1968.4,2476
1968.42,3152
1968.43,2891
1968.45,3229
1968.47,3176
1968.49,3163
1968.51,2997
1968.53,3211
1968.55,3193
1968.57,3099
1968.58,2951
1968.6,2784
1968.62,2086
1968.64,1679
1968.66,1229
1968.68,875
1968.7,772
1968.72,610
1968.74,634
1968.75,721
1968.77,882
1968.79,925
1968.81,1082
1968.83,1095
1968.85,1179
1968.87,1210
1968.89,1071
1968.91,1110
1968.92,1325
1968.94,1261
1968.96,1342
1968.98,925
1969,2211
1969.02,2002
1969.04,1576
1969.06,1368
1969.08,1285
1969.1,2038
1969.12,2094
1969.13,2066
1969.15,2135
1969.17,1980
1969.19,2004
1969.21,1978
1969.23,2082
1969.25,1719
1969.27,1752
1969.29,2053
1969.31,1695
1969.33,1484
1969.35,1450
1969.37,1618
1969.38,1706
1969.4,1627
1969.42,1823
1969.44,1613
1969.46,1461
1969.48,1339
1969.5,1355
1969.52,1313
1969.54,1268
1969.56,1201
1969.58,1082
1969.6,916
1969.62,730
1969.63,557
1969.65,461
1969.67,354
1969.69,290
1969.71,248
1969.73,319
1969.75,326
1969.77,379
1969.79,500
1969.81,534
1969.83,510
1969.85,608
1969.87,516
1969.88,596
1969.9,541
1969.92,714
1969.94,694
1969.96,746
1969.98,457
1970,900
1970.02,1045
1970.04,642
1970.06,837
1970.08,1047
1970.1,1293
1970.12,1734
1970.13,1694
1970.15,2146
1970.17,2003
1970.19,2291
1970.21,2341
1970.23,2361
1970.25,2586
1970.27,2988
1970.29,2683
1970.31,2316
1970.33,2252
1970.35,2703
1970.37,3187
1970.38,3757
1970.4,3528
1970.42,4212
1970.44,3744
1970.46,3722
1970.48,3618
1970.5,3873
1970.52,3731
1970.54,4140
1970.56,3762
1970.58,3614
1970.6,3537
1970.62,3119
1970.63,2334
1970.65,1654
1970.67,1085
1970.69,1154
1970.71,783
1970.73,850
1970.75,866
1970.77,1133
1970.79,1110
1970.81,1496
1970.83,1290
1970.85,1459
1970.87,1490
1970.88,1435
1970.9,1454
1970.92,1748
1970.94,1806
1970.96,1721
1970.98,1621
1971,2217
1971.02,2244
1971.04,1676
1971.06,863
1971.08,583
1971.1,780
1971.12,1157
1971.13,1208
1971.15,1337
1971.17,1531
1971.19,2532
1971.21,2588
1971.23,1857
1971.25,1680
1971.27,1222
1971.29,1447
1971.31,1506
1971.33,1334
1971.35,1054
1971.37,880
1971.38,1116
1971.4,1103
1971.42,865
1971.44,1165
1971.46,1005
1971.48,1031
1971.5,1119
1971.52,1104
1971.54,972
1971.56,957
1971.58,822
1971.6,743
1971.62,588
1971.63,485
1971.65,336
1971.67,226
1971.69,254
1971.71,175
1971.73,178
1971.75,187
1971.77,228
1971.79,270
1971.81,323
1971.83,321
1971.85,341
1971.87,390
1971.88,362
1971.9,381
1971.92,438
1971.94,518
1971.96,581
1971.98,544
1972,559
1972.02,709
1972.04,569
1972.06,522
1972.08,456
1972.1,549
1972.12,739
1972.13,829
1972.15,870
1972.17,1013
1972.19,1245
1972.21,1247
1972.23,1426
1972.25,1571
1972.27,1248
1972.29,1653
1972.31,1284
1972.33,998
1972.35,966
1972.37,1211
1972.38,1338
1972.4,1648
1972.42,1371
1972.44,1575
1972.46,1482
1972.48,1388
1972.5,1272
1972.52,1584
1972.54,1563
1972.56,1612
1972.58,1565
1972.6,1441
1972.62,1299
1972.63,1182
1972.65,764
1972.67,555
1972.69,513
1972.71,387
1972.73,366
1972.75,495
1972.77,565
1972.79,720
1972.81,911
1972.83,941
1972.85,1065
1972.87,1047
1972.88,992
1972.9,1017
1972.92,1128
1972.94,1127
1972.96,1201
1972.98,1123
1973,871
1973.02,1895
1973.04,1506
1973.06,1117
1973.08,1036
1973.1,1158
1973.12,1555
1973.13,1681
1973.15,1737
1973.17,2066
1973.19,1939
1973.21,2215
1973.23,2280
1973.25,2230
1973.27,2212
1973.29,2041
1973.31,1899
1973.33,2016
1973.35,2005
1973.37,1428
1973.38,1304
1973.4,1447
1973.42,1210
1973.44,1545
1973.46,1298
1973.48,1141
1973.5,1027
1973.52,1178
1973.54,1023
1973.56,1131
1973.58,940
1973.6,972
1973.62,906
1973.63,738
1973.65,474
1973.67,328
1973.69,265
1973.71,247
1973.73,173
1973.75,217
1973.77,247
1973.79,280
1973.81,338
1973.83,380
1973.85,450
1973.87,407
1973.88,501
1973.9,432
1973.92,390
1973.94,428
1973.96,461
1973.98,521
1974,335
1974.02,590
1974.04,646
1974.06,438
1974.08,445
1974.09,502
1974.11,538
1974.13,703
1974.15,758
1974.17,744
1974.19,735
1974.21,745
1974.23,785
1974.25,878
1974.26,1001
1974.28,896
1974.3,1052
1974.32,1134
1974.34,1047
1974.36,825
1974.38,1005
1974.4,1216
1974.42,1043
1974.43,1426
1974.45,1357
1974.47,1267
1974.49,1265
1974.51,1426
1974.53,1391
1974.55,1580
1974.57,1612
1974.58,1594
1974.6,1451
1974.62,1218
1974.64,922
1974.66,548
1974.68,507
1974.7,356
1974.72,351
1974.74,428
1974.75,542
1974.77,587
1974.79,823
1974.81,799
1974.83,911
1974.85,932
1974.87,847
1974.89,912
1974.91,809
1974.92,972
1974.94,1041
1974.96,993
1974.98,639
1975,1578
1975.02,1876
1975.04,1205
1975.06,1094
1975.08,1096
1975.1,1426
1975.12,1777
1975.13,1864
1975.15,1959
1975.17,1818
1975.19,1856
1975.21,1988
1975.23,1682
1975.25,1911
1975.27,2156
1975.29,1873
1975.31,1476
1975.33,1429
1975.35,1670
1975.37,1813
1975.38,1916
1975.4,1669
1975.42,2193
1975.44,1882
1975.46,1652
1975.48,1630
1975.5,1685
1975.52,1535
1975.54,1461
1975.56,1566
1975.58,1390
1975.6,1218
1975.62,950
1975.63,665
1975.65,341
1975.67,378
1975.69,297
1975.71,192
1975.73,181
1975.75,197
1975.77,271
1975.79,289
1975.81,308
1975.83,382
1975.85,389
1975.87,381
1975.88,334
1975.9,363
1975.92,359
1975.94,426
1975.96,366
1975.98,272
1976,386
1976.02,660
1976.04,483
1976.06,420
1976.08,473
1976.1,454
1976.12,597
1976.13,588
1976.15,630
1976.17,610
1976.19,553
1976.21,595
1976.23,491
1976.25,557
1976.27,600
1976.29,489
1976.31,596
1976.33,680
1976.35,530
1976.37,515
1976.38,546
1976.4,549
1976.42,527
1976.44,509
1976.46,589
1976.48,390
1976.5,385
1976.52,440
1976.54,433
1976.56,393
1976.58,357
1976.6,396
1976.62,449
1976.63,345
1976.65,271
1976.67,159
1976.69,169
1976.71,151
1976.73,157
1976.75,253
1976.77,322
1976.79,387
1976.81,371
1976.83,395
1976.85,392
1976.87,392
1976.88,407
1976.9,491
1976.92,611
1976.94,801
1976.96,697
1976.98,806
1977,631
1977.02,1175
1977.04,1008
1977.06,891
1977.08,879
1977.1,1192
1977.12,1304
1977.13,1492
1977.15,1464
1977.17,1554
1977.19,1516
1977.21,1509
1977.23,1618
1977.25,1609
1977.27,1339
1977.29,1535
1977.31,1959
1977.33,1603
1977.35,1485
1977.37,1559
1977.38,1917
1977.4,1759
1977.42,1956
1977.44,1329
1977.46,1981
1977.48,2085
1977.5,2221
1977.52,2430
1977.54,2627
1977.56,2587
1977.58,2584
1977.6,2829
1977.62,2700
1977.63,2006
1977.65,1413
1977.67,871
1977.69,818
1977.71,629
1977.73,470
1977.75,548
1977.77,696
1977.79,731
1977.81,812
1977.83,1022
1977.85,975
1977.87,1062
1977.88,1040
1977.9,1197
1977.92,1008
1977.94,1061
1977.96,1184
1977.98,1404
1978,929
1978.02,1681
1978.04,1696
1978.06,1124
1978.08,1099
1978.1,1137
1978.12,1288
1978.13,1300
1978.15,1354
1978.17,1285
1978.19,1239
1978.21,1319
1978.23,1171
1978.25,1321
1978.27,1620
1978.29,1402
1978.31,1056
1978.33,1005
1978.35,871
1978.37,1395
1978.38,1459
1978.4,1317
1978.42,1091
1978.44,1199
1978.46,1243
1978.48,876
1978.5,1036
1978.52,1030
1978.54,1205
1978.56,1128
1978.58,1167
1978.6,993
1978.62,978
1978.63,789
1978.65,655
1978.67,344
1978.69,347
1978.71,298
1978.73,235
1978.75,236
1978.77,244
1978.79,283
1978.81,332
1978.83,326
1978.85,355
1978.87,371
1978.88,323
1978.9,373
1978.92,366
1978.94,335
1978.96,394
1978.98,428
1979,354
1979.02,495
1979.04,622
1979.06,454
1979.08,435
1979.1,454
1979.12,587
1979.13,567
1979.15,575
1979.17,640
1979.19,617
1979.21,669
1979.23,680
1979.25,697
1979.27,708
1979.29,644
1979.31,660
1979.33,874
1979.35,801
1979.37,586
1979.38,871
1979.4,877
1979.42,746
1979.44,963
1979.46,945
1979.48,903
1979.5,826
1979.52,764
1979.54,819
1979.56,908
1979.58,909
1979.6,963
1979.62,915
1979.63,788
1979.65,525
1979.67,402
1979.69,393
1979.71,293
1979.73,276
1979.75,289
1979.77,325
1979.79,347
1979.81,425
1979.83,488
1979.85,526
1979.87,536
1979.88,575
1979.9,685
1979.92,679
1979.94,667
1979.96,720
1979.98,758
1980,399
1980.02,1153
1980.04,1494
1980.06,942
1980.08,907
1980.09,1148
1980.11,1293
1980.13,1619
1980.15,1675
1980.17,1684
1980.19,1736
1980.21,1571
1980.23,1801
1980.25,1866
1980.26,1494
1980.28,1597
1980.3,1740
1980.32,1497
1980.34,1235
1980.36,927
1980.38,1451
1980.4,1392
1980.42,1256
1980.43,1552
1980.45,1432
1980.47,1318
1980.49,1258
1980.51,1315
1980.53,1461
1980.55,1475
1980.57,1505
1980.58,1504
1980.6,1464
1980.62,988
1980.64,806
1980.66,461
1980.68,454
1980.7,382
1980.72,256
1980.74,284
1980.75,333
1980.77,411
1980.79,336
1980.81,354
1980.83,448
1980.85,449
1980.87,463
1980.89,488
1980.91,477
1980.92,459
1980.94,423
1980.96,403
1980.98,329
1981,354
1981.02,724
1981.04,496
1981.06,335
1981.08,384
1981.1,375
1981.12,478
1981.13,514
1981.15,410
1981.17,487
1981.19,444
1981.21,424
1981.23,585
1981.25,471
1981.27,582
1981.29,437
1981.31,520
1981.33,537
1981.35,469
1981.37,547
1981.38,535
1981.4,479
1981.42,565
1981.44,592
1981.46,566
1981.48,525
1981.5,571
1981.52,534
1981.54,548
1981.56,567
1981.58,522
1981.6,611
1981.62,574
1981.63,454
1981.65,339
1981.67,291
1981.69,215
1981.71,179
1981.73,186
1981.75,191
1981.77,191
1981.79,213
1981.81,227
1981.83,272
1981.85,308
1981.87,326
1981.88,278
1981.9,293
1981.92,335
1981.94,286
1981.96,296
1981.98,234
1982,195
1982.02,485
1982.04,383
1982.06,415
1982.08,415
1982.1,491
1982.12,563
1982.13,676
1982.15,752
1982.17,787
1982.19,779
1982.21,873
1982.23,1025
1982.25,1069
1982.27,921
1982.29,1094
1982.31,1397
1982.33,1206
1982.35,836
1982.37,1097
1982.38,1100
1982.4,1185
1982.42,1031
1982.44,1310
1982.46,1387
1982.48,867
1982.5,1100
1982.52,1129
1982.54,1320
1982.56,1300
1982.58,1249
1982.6,982
1982.62,1022
1982.63,778
1982.65,631
1982.67,386
1982.69,443
1982.71,338
1982.73,266
1982.75,331
1982.77,286
1982.79,310
1982.81,349
1982.83,443
1982.85,399
1982.87,385
1982.88,448
1982.9,471
1982.92,471
1982.94,536
1982.96,458
1982.98,579
1983,355
1983.02,765
1983.04,805
1983.06,654
1983.08,652
1983.1,690
1983.12,869
1983.13,959
1983.15,931
1983.17,1018
1983.19,1175
1983.21,1206
1983.23,1262
1983.25,1157
1983.27,1280
1983.29,1608
1983.31,1260
1983.33,1087
1983.35,905
1983.37,1406
1983.38,1420
1983.4,1335
1983.42,1086
1983.44,1512
1983.46,1476
1983.48,1119
1983.5,1070
1983.52,1049
1983.54,1128
1983.56,1187
1983.58,920
1983.6,732
1983.62,644
1983.63,509
1983.65,435
1983.67,292
1983.69,292
1983.71,196
1983.73,208
1983.75,191
1983.77,175
1983.79,219
1983.81,192
1983.83,234
1983.85,215
1983.87,236
1983.88,221
1983.9,238
1983.92,283
1983.94,304
1983.96,299
1983.98,286
1984,203
1984.02,468
1984.04,516
1984.06,389
1984.08,337
1984.1,420
1984.12,556
1984.13,494
1984.15,559
1984.17,683
1984.19,726
1984.21,555
1984.23,607
1984.25,657
1984.27,785
1984.29,720
1984.31,578
1984.33,578
1984.35,690
1984.37,440
1984.38,517
1984.4,728
1984.42,571
1984.44,761
1984.46,891
1984.48,684
1984.5,673
1984.52,665
1984.54,636
1984.56,741
1984.58,622
1984.6,621
1984.62,574
1984.63,530
1984.65,456
1984.67,196
1984.69,248
1984.71,173
1984.73,144
1984.75,179
1984.77,197
1984.79,259
1984.81,221
1984.83,231
1984.85,254
1984.87,300
1984.88,283
1984.9,305
1984.92,260
1984.94,331
1984.96,284
1984.98,318
1985,217
1985.02,402
1985.04,565
1985.06,392
1985.08,376
1985.1,451
1985.12,654
1985.13,634
1985.15,693
1985.17,717
1985.19,643
1985.21,636
1985.23,651
1985.25,745
1985.27,629
1985.29,833
1985.31,1002
1985.33,775
1985.35,794
1985.37,618
1985.38,896
1985.4,1032
1985.42,915
1985.44,1183
1985.46,1178
1985.48,952
1985.5,1071
1985.52,1234
1985.54,1272
1985.56,1262
1985.58,1135
1985.6,1245
1985.62,1184
1985.63,1099
1985.65,873
1985.67,525
1985.69,584
1985.71,424
1985.73,383
1985.75,458
1985.77,526
1985.79,559
1985.81,628
1985.83,617
1985.85,580
1985.87,636
1985.88,596
1985.9,596
1985.92,668
1985.94,761
1985.96,731
1985.98,768
1986,438
1986.02,1028
1986.04,1504
1986.06,1011
1986.08,882
1986.09,950
1986.11,1068
1986.13,1137
1986.15,1089
1986.17,1125
1986.19,1127
1986.21,1127
1986.23,1243
1986.25,976
1986.26,1046
1986.28,1209
1986.3,1023
1986.32,805
1986.34,897
1986.36,790
1986.38,919
1986.4,1056
1986.42,699
1986.43,765
1986.45,859
1986.47,712
1986.49,630
1986.51,598
1986.53,575
1986.55,501
1986.57,429
1986.58,459
1986.6,430
1986.62,365
1986.64,311
1986.66,192
1986.68,243
1986.7,188
1986.72,176
1986.74,198
1986.75,179
1986.77,218
1986.79,242
1986.81,188
1986.83,215
1986.85,234
1986.87,199
1986.89,230
1986.91,247
1986.92,263
1986.94,270
1986.96,235
1986.98,140
1987,262
1987.02,393
1987.04,283
1987.06,265
1987.08,286
1987.1,273
1987.12,304
1987.13,330
1987.15,339
1987.17,337
1987.19,340
1987.21,311
1987.23,362
1987.25,418
1987.27,442
1987.29,496
1987.31,360
1987.33,489
1987.35,282
1987.37,292
1987.38,308
1987.4,244
1987.42,405
1987.44,379
1987.46,336
1987.48,406
1987.5,390
1987.52,414
1987.54,408
1987.56,400
1987.58,324
1987.6,319
1987.62,349
1987.63,301
1987.65,232
1987.67,157
1987.69,205
1987.71,164
1987.73,175
1987.75,225
1987.77,179
1987.79,221
1987.81,223
1987.83,263
1987.85,310
1987.87,369
1987.88,342
1987.9,377
1987.92,410
1987.94,446
1987.96,578
1987.98,722
1988,878
1988.02,1020
1988.04,756
1988.06,658
1988.08,705
1988.1,901
1988.12,992
1988.13,951
1988.15,892
1988.17,917
1988.19,1003
1988.21,1070
1988.23,1118
1988.25,1052
1988.27,1020
1988.29,1367
1988.31,1227
1988.33,979
1988.35,814
1988.37,1207
1988.38,1265
1988.4,1193
1988.42,961
1988.44,1580
1988.46,1310
1988.48,1082
1988.5,1055
1988.52,1037
1988.54,991
1988.56,841
1988.58,816
1988.6,785
1988.62,652
1988.63,497
1988.65,449
1988.67,210
1988.69,134
1988.71,155
1988.73,273
1988.75,341
1988.77,327
1988.79,329
1988.81,297
1988.83,303
1988.85,278
1988.87,292
1988.88,237
1988.9,235
1988.92,200
1988.94,217
1988.96,178
1988.98,232
1989,157
1989.02,243
1989.04,258
1989.06,231
1989.08,253
1989.1,256
1989.12,265
1989.13,338
1989.15,316
1989.17,302
1989.19,374
1989.21,371
1989.23,315
1989.25,300
1989.27,386
1989.29,317
1989.31,291
1989.33,265
1989.35,285
1989.37,322
1989.38,342
1989.4,304
1989.42,214
1989.44,296
1989.46,225
1989.48,250
1989.5,268
1989.52,222
1989.54,210
1989.56,186
1989.58,217
1989.6,184
1989.62,158
1989.63,147
1989.65,139
1989.67,111
1989.69,122
1989.71,99
1989.73,112
1989.75,165
1989.77,129
1989.79,118
1989.81,138
1989.83,157
1989.85,147
1989.87,150
1989.88,140
1989.9,125
1989.92,153
1989.94,121
1989.96,86
1989.98,108
1990,51
1990.02,85
1990.04,104
1990.06,83
1990.08,110
1990.1,110
1990.12,135
1990.13,143
1990.15,189
1990.17,148
1990.19,217
1990.21,139
1990.23,155
1990.25,174
1990.27,164
1990.29,121
1990.31,137
1990.33,157
1990.35,140
1990.37,141
1990.38,128
1990.4,146
1990.42,105
1990.44,126
1990.46,142
1990.48,114
1990.5,138
1990.52,134
1990.54,136
1990.56,104
1990.58,112
1990.6,88
1990.62,122
1990.63,88
1990.65,59
1990.67,56
1990.69,92
1990.71,72
1990.73,73
1990.75,91
1990.77,92
1990.79,85
1990.81,129
1990.83,90
1990.85,90
1990.87,92
1990.88,89
1990.9,81
1990.92,77
1990.94,95
1990.96,67
1990.98,110
1991,38
1991.02,61
1991.04,82
1991.06,77
1991.08,80
1991.1,78
1991.12,78
1991.13,92
1991.15,70
1991.17,78
1991.19,70
1991.21,82
1991.23,83
1991.25,58
1991.27,70
1991.29,69
1991.31,76
1991.33,99
1991.35,89
1991.37,62
1991.38,75
1991.4,95
1991.42,65
1991.44,87
1991.46,106
1991.48,97
1991.5,80
1991.52,147
1991.54,120
1991.56,99
1991.58,78
1991.6,75
1991.62,94
1991.63,71
1991.65,71
1991.67,56
1991.69,74
1991.71,53
1991.73,65
1991.75,79
1991.77,74
1991.79,66
1991.81,83
1991.83,71
1991.85,62
1991.87,72
1991.88,72
1991.9,55
1991.92,62
1991.94,69
1991.96,70
1991.98,51
1992,33
1992.02,67
1992.04,76
1992.06,69
1992.08,89
1992.09,66
1992.11,62
1992.13,86
1992.15,79
1992.17,60
1992.19,76
1992.21,77
1992.23,83
1992.25,99
1992.26,90
1992.28,73
1992.3,73
1992.32,71
1992.34,79
1992.36,86
1992.38,99
1992.4,80
1992.42,52
1992.43,91
1992.45,80
1992.47,62
1992.49,82
1992.51,83
1992.53,86
1992.55,84
1992.57,89
1992.58,102
1992.6,96
1992.62,68
1992.64,50
1992.66,57
1992.68,46
1992.7,59
1992.72,52
1992.74,58
1992.75,62
1992.77,79
1992.79,73
1992.81,81
1992.83,89
1992.85,66
1992.87,81
1992.89,64
1992.91,71
1992.92,79
1992.94,63
1992.96,58
1992.98,50
1993,42
1993.02,105
1993.04,84
1993.06,94
1993.08,85
1993.1,79
1993.12,115
1993.13,96
1993.15,97
1993.17,118
1993.19,92
1993.21,120
1993.23,111
1993.25,99
1993.27,84
1993.29,82
1993.31,104
1993.33,111
1993.35,94
1993.37,81
1993.38,99
1993.4,83
1993.42,82
1993.44,92
1993.46,68
1993.48,57
1993.5,73
1993.52,53
1993.54,65
1993.56,83
1993.58,72
1993.6,55
1993.62,58
1993.63,71
1993.65,68
1993.67,45
1993.69,54
1993.71,63
1993.73,73
1993.75,70
1993.77,66
1993.79,74
1993.81,82
1993.83,70
1993.85,73
1993.87,66
1993.88,69
1993.9,56
1993.92,74
1993.94,61
1993.96,66
1993.98,62
1994,41
1994.02,72
1994.04,87
1994.06,81
1994.08,94
1994.1,92
1994.12,132
1994.13,129
1994.15,147
1994.17,146
1994.19,151
1994.21,175
1994.23,195
1994.25,127
1994.27,152
1994.29,165
1994.31,133
1994.33,127
1994.35,118
1994.37,156
1994.38,128
1994.4,122
1994.42,113
1994.44,156
1994.46,136
1994.48,168
1994.5,156
1994.52,132
1994.54,127
1994.56,135
1994.58,94
1994.6,121
1994.62,128
1994.63,107
1994.65,99
1994.67,70
1994.69,81
1994.71,70
1994.73,64
1994.75,95
1994.77,128
1994.79,178
1994.81,185
1994.83,163
1994.85,129
1994.87,175
1994.88,145
1994.9,166
1994.92,157
1994.94,131
1994.96,104
1994.98,88
1995,45
