# Weekly rubella cases in Ontario Canada; 1924-89,,,,
# This data file is available online from the International Infectious Disease Data Archive (IIDDA) at http://iidda.mcmaster.ca,,,,
# Please acknowledge IIDDA in any publication or presentation in which data downloaded from IIDDA are used.,,,,
# The first publication that made use of this data file was: C. T. Bauch and D. J. D. Earn (2003) 'Transients and Attractors in Epidemics' Proceedings of the Royal Society of London Series B 270:1573-1578,,,,
# See the IIDDA website for a list of all papers that have used this data file.,,,,
year,month,day,numdate,cases
1924,1,5,1924.0137,0
1924,1,12,1924.0329,0
1924,1,19,1924.0521,0
1924,1,26,1924.0712,0
1924,2,2,1924.0904,0
1924,2,9,1924.1096,0
1924,2,16,1924.1288,0
1924,2,23,1924.1479,0
1924,3,1,1924.1671,0
1924,3,8,1924.1863,0
1924,3,15,1924.2055,0
1924,3,22,1924.2247,0
1924,3,29,1924.2438,0
1924,4,5,1924.2630,0
1924,4,12,1924.2822,0
1924,4,19,1924.3014,0
1924,4,26,1924.3205,0
1924,5,3,1924.3397,0
1924,5,10,1924.3589,0
1924,5,17,1924.3781,0
1924,5,24,1924.3973,0
1924,5,31,1924.4164,0
1924,6,7,1924.4356,0
1924,6,14,1924.4548,0
1924,6,21,1924.4740,0
1924,6,28,1924.4932,0
1924,7,5,1924.5123,5
1924,7,12,1924.5315,13
1924,7,19,1924.5507,6
1924,7,26,1924.5699,4
1924,8,2,1924.5890,3
1924,8,9,1924.6082,0
1924,8,16,1924.6274,0
1924,8,23,1924.6466,2
1924,8,30,1924.6658,4
1924,9,6,1924.6849,0
1924,9,13,1924.7041,0
1924,9,20,1924.7233,6
1924,9,27,1924.7425,0
1924,10,4,1924.7616,0
1924,10,11,1924.7808,1
1924,10,18,1924.8000,0
1924,10,25,1924.8192,5
1924,11,1,1924.8384,0
1924,11,8,1924.8575,20
1924,11,15,1924.8767,7
1924,11,22,1924.8959,9
1924,11,29,1924.9151,5
1924,12,6,1924.9342,1
1924,12,13,1924.9534,0
1924,12,20,1924.9726,6
1924,12,27,1924.9918,3
1925,1,3,1925.0082,5
1925,1,10,1925.0274,8
1925,1,17,1925.0466,3
1925,1,24,1925.0658,4
1925,1,31,1925.0849,5
1925,2,7,1925.1041,11
1925,2,14,1925.1233,6
1925,2,21,1925.1425,1
1925,2,28,1925.1616,1
1925,3,7,1925.1808,14
1925,3,14,1925.2000,13
1925,3,21,1925.2192,2
1925,3,28,1925.2384,3
1925,4,4,1925.2575,6
1925,4,11,1925.2767,3
1925,4,18,1925.2959,2
1925,4,25,1925.3151,7
1925,5,2,1925.3342,6
1925,5,9,1925.3534,3
1925,5,16,1925.3726,1
1925,5,23,1925.3918,0
1925,5,30,1925.4110,11
1925,6,6,1925.4301,7
1925,6,13,1925.4493,10
1925,6,20,1925.4685,1
1925,6,27,1925.4877,5
1925,7,4,1925.5068,4
1925,7,11,1925.5260,2
1925,7,18,1925.5452,1
1925,7,25,1925.5644,4
1925,8,1,1925.5836,1
1925,8,8,1925.6027,0
1925,8,15,1925.6219,2
1925,8,22,1925.6411,0
1925,8,29,1925.6603,1
1925,9,5,1925.6795,0
1925,9,12,1925.6986,1
1925,9,19,1925.7178,0
1925,9,26,1925.7370,1
1925,10,3,1925.7562,0
1925,10,10,1925.7753,3
1925,10,17,1925.7945,0
1925,10,24,1925.8137,1
1925,10,31,1925.8329,2
1925,11,7,1925.8521,0
1925,11,14,1925.8712,2
1925,11,21,1925.8904,2
1925,11,28,1925.9096,1
1925,12,5,1925.9288,11
1925,12,12,1925.9479,1
1925,12,19,1925.9671,5
1925,12,26,1925.9863,12
1926,1,2,1926.0055,1
1926,1,9,1926.0247,0
1926,1,16,1926.0438,21
1926,1,23,1926.0630,13
1926,1,30,1926.0822,28
1926,2,6,1926.1014,32
1926,2,13,1926.1205,176
1926,2,20,1926.1397,9
1926,2,27,1926.1589,294
1926,3,6,1926.1781,0
1926,3,13,1926.1973,15
1926,3,20,1926.2164,515
1926,3,27,1926.2356,413
1926,4,3,1926.2548,8
1926,4,10,1926.2740,101
1926,4,17,1926.2932,92
1926,4,24,1926.3123,160
1926,5,1,1926.3315,232
1926,5,8,1926.3507,116
1926,5,15,1926.3699,147
1926,5,22,1926.3890,93
1926,5,29,1926.4082,102
1926,6,5,1926.4274,164
1926,6,12,1926.4466,163
1926,6,19,1926.4658,67
1926,6,26,1926.4849,39
1926,7,3,1926.5041,56
1926,7,10,1926.5233,25
1926,7,17,1926.5425,30
1926,7,24,1926.5616,11
1926,7,31,1926.5808,28
1926,8,7,1926.6000,8
1926,8,14,1926.6192,12
1926,8,21,1926.6384,2
1926,8,28,1926.6575,2
1926,9,4,1926.6767,1
1926,9,11,1926.6959,3
1926,9,18,1926.7151,2
1926,9,25,1926.7342,1
1926,10,2,1926.7534,1
1926,10,9,1926.7726,2
1926,10,16,1926.7918,3
1926,10,23,1926.8110,0
1926,10,30,1926.8301,1
1926,11,6,1926.8493,0
1926,11,13,1926.8685,4
1926,11,20,1926.8877,9
1926,11,27,1926.9068,6
1926,12,4,1926.9260,0
1926,12,11,1926.9452,8
1926,12,18,1926.9644,8
1926,12,25,1926.9836,3
1927,1,1,1927.0027,1
1927,1,8,1927.0219,1
1927,1,15,1927.0411,0
1927,1,22,1927.0603,27
1927,1,29,1927.0795,120
1927,2,5,1927.0986,51
1927,2,12,1927.1178,102
1927,2,19,1927.1370,180
1927,2,26,1927.1562,274
1927,3,5,1927.1753,170
1927,3,12,1927.1945,241
1927,3,19,1927.2137,118
1927,3,26,1927.2329,353
1927,4,2,1927.2521,176
1927,4,9,1927.2712,57
1927,4,16,1927.2904,204
1927,4,23,1927.3096,197
1927,4,30,1927.3288,280
1927,5,7,1927.3479,289
1927,5,14,1927.3671,158
1927,5,21,1927.3863,278
1927,5,28,1927.4055,129
1927,6,4,1927.4247,179
1927,6,11,1927.4438,179
1927,6,18,1927.4630,114
1927,6,25,1927.4822,134
1927,7,2,1927.5014,36
1927,7,9,1927.5205,42
1927,7,16,1927.5397,11
1927,7,23,1927.5589,18
1927,7,30,1927.5781,19
1927,8,6,1927.5973,12
1927,8,13,1927.6164,5
1927,8,20,1927.6356,4
1927,8,27,1927.6548,0
1927,9,3,1927.6740,4
1927,9,10,1927.6932,3
1927,9,17,1927.7123,2
1927,9,24,1927.7315,1
1927,10,1,1927.7507,5
1927,10,8,1927.7699,2
1927,10,15,1927.7890,2
1927,10,22,1927.8082,3
1927,10,29,1927.8274,1
1927,11,5,1927.8466,6
1927,11,12,1927.8658,3
1927,11,19,1927.8849,3
1927,11,26,1927.9041,2
1927,12,3,1927.9233,2
1927,12,10,1927.9425,10
1927,12,17,1927.9616,1
1927,12,24,1927.9808,1
1927,12,31,1928.0000,2
1928,1,7,1928.0192,7
1928,1,14,1928.0384,9
1928,1,21,1928.0575,2
1928,1,28,1928.0767,15
1928,2,4,1928.0959,8
1928,2,11,1928.1151,8
1928,2,18,1928.1342,16
1928,2,25,1928.1534,9
1928,3,3,1928.1726,7
1928,3,10,1928.1918,12
1928,3,17,1928.2110,9
1928,3,24,1928.2301,11
1928,3,31,1928.2493,3
1928,4,7,1928.2685,6
1928,4,14,1928.2877,3
1928,4,21,1928.3068,18
1928,4,28,1928.3260,5
1928,5,5,1928.3452,3
1928,5,12,1928.3644,6
1928,5,19,1928.3836,6
1928,5,26,1928.4027,7
1928,6,2,1928.4219,3
1928,6,9,1928.4411,3
1928,6,16,1928.4603,4
1928,6,23,1928.4795,2
1928,6,30,1928.4986,3
1928,7,7,1928.5178,0
1928,7,14,1928.5370,3
1928,7,21,1928.5562,1
1928,7,28,1928.5753,0
1928,8,4,1928.5945,0
1928,8,11,1928.6137,0
1928,8,18,1928.6329,0
1928,8,25,1928.6521,0
1928,9,1,1928.6712,0
1928,9,8,1928.6904,0
1928,9,15,1928.7096,1
1928,9,22,1928.7288,1
1928,9,29,1928.7479,1
1928,10,6,1928.7671,3
1928,10,13,1928.7863,2
1928,10,20,1928.8055,2
1928,10,27,1928.8247,1
1928,11,3,1928.8438,3
1928,11,10,1928.8630,3
1928,11,17,1928.8822,4
1928,11,24,1928.9014,5
1928,12,1,1928.9205,8
1928,12,8,1928.9397,5
1928,12,15,1928.9589,12
1928,12,22,1928.9781,1
1928,12,29,1928.9973,1
1929,1,5,1929.0137,0
1929,1,12,1929.0329,3
1929,1,19,1929.0521,7
1929,1,26,1929.0712,9
1929,2,2,1929.0904,7
1929,2,9,1929.1096,9
1929,2,16,1929.1288,9
1929,2,23,1929.1479,1
1929,3,2,1929.1671,7
1929,3,9,1929.1863,3
1929,3,16,1929.2055,6
1929,3,23,1929.2247,4
1929,3,30,1929.2438,2
1929,4,6,1929.2630,2
1929,4,13,1929.2822,4
1929,4,20,1929.3014,4
1929,4,27,1929.3205,8
1929,5,4,1929.3397,8
1929,5,11,1929.3589,17
1929,5,18,1929.3781,5
1929,5,25,1929.3973,3
1929,6,1,1929.4164,8
1929,6,8,1929.4356,6
1929,6,15,1929.4548,4
1929,6,22,1929.4740,16
1929,6,29,1929.4932,2
1929,7,6,1929.5123,3
1929,7,13,1929.5315,0
1929,7,20,1929.5507,0
1929,7,27,1929.5699,2
1929,8,3,1929.5890,1
1929,8,10,1929.6082,0
1929,8,17,1929.6274,1
1929,8,24,1929.6466,0
1929,8,31,1929.6658,0
1929,9,7,1929.6849,0
1929,9,14,1929.7041,2
1929,9,21,1929.7233,0
1929,9,28,1929.7425,0
1929,10,5,1929.7616,0
1929,10,12,1929.7808,2
1929,10,19,1929.8000,0
1929,10,26,1929.8192,2
1929,11,2,1929.8384,5
1929,11,9,1929.8575,13
1929,11,16,1929.8767,16
1929,11,23,1929.8959,13
1929,11,30,1929.9151,19
1929,12,7,1929.9342,13
1929,12,14,1929.9534,28
1929,12,21,1929.9726,14
1929,12,28,1929.9918,18
1930,1,4,1930.0110,49
1930,1,11,1930.0301,47
1930,1,18,1930.0493,29
1930,1,25,1930.0685,52
1930,2,1,1930.0877,65
1930,2,8,1930.1068,63
1930,2,15,1930.1260,63
1930,2,22,1930.1452,97
1930,3,1,1930.1644,104
1930,3,8,1930.1836,66
1930,3,15,1930.2027,166
1930,3,22,1930.2219,151
1930,3,29,1930.2411,134
1930,4,5,1930.2603,260
1930,4,12,1930.2795,194
1930,4,19,1930.2986,168
1930,4,26,1930.3178,169
1930,5,3,1930.3370,199
1930,5,10,1930.3562,281
1930,5,17,1930.3753,105
1930,5,24,1930.3945,255
1930,5,31,1930.4137,154
1930,6,7,1930.4329,141
1930,6,14,1930.4521,136
1930,6,21,1930.4712,98
1930,6,28,1930.4904,54
1930,7,5,1930.5096,15
1930,7,12,1930.5288,22
1930,7,19,1930.5479,5
1930,7,26,1930.5671,5
1930,8,2,1930.5863,3
1930,8,9,1930.6055,10
1930,8,16,1930.6247,0
1930,8,23,1930.6438,0
1930,8,30,1930.6630,1
1930,9,6,1930.6822,1
1930,9,13,1930.7014,3
1930,9,20,1930.7205,1
1930,9,27,1930.7397,0
1930,10,4,1930.7589,1
1930,10,11,1930.7781,1
1930,10,18,1930.7973,1
1930,10,25,1930.8164,4
1930,11,1,1930.8356,3
1930,11,8,1930.8548,3
1930,11,15,1930.8740,7
1930,11,22,1930.8932,11
1930,11,29,1930.9123,7
1930,12,6,1930.9315,8
1930,12,13,1930.9507,8
1930,12,20,1930.9699,9
1930,12,27,1930.9890,1
1931,1,3,1931.0082,10
1931,1,10,1931.0274,22
1931,1,17,1931.0466,10
1931,1,24,1931.0658,14
1931,1,31,1931.0849,18
1931,2,7,1931.1041,8
1931,2,14,1931.1233,11
1931,2,21,1931.1425,7
1931,2,28,1931.1616,8
1931,3,7,1931.1808,9
1931,3,14,1931.2000,9
1931,3,21,1931.2192,28
1931,3,28,1931.2384,21
1931,4,4,1931.2575,3
1931,4,11,1931.2767,14
1931,4,18,1931.2959,26
1931,4,25,1931.3151,24
1931,5,2,1931.3342,21
1931,5,9,1931.3534,22
1931,5,16,1931.3726,58
1931,5,23,1931.3918,62
1931,5,30,1931.4110,32
1931,6,6,1931.4301,39
1931,6,13,1931.4493,29
1931,6,20,1931.4685,18
1931,6,27,1931.4877,10
1931,7,4,1931.5068,5
1931,7,11,1931.5260,1
1931,7,18,1931.5452,10
1931,7,25,1931.5644,1
1931,8,1,1931.5836,0
1931,8,8,1931.6027,16
1931,8,15,1931.6219,3
1931,8,22,1931.6411,0
1931,8,29,1931.6603,1
1931,9,5,1931.6795,2
1931,9,12,1931.6986,3
1931,9,19,1931.7178,6
1931,9,26,1931.7370,1
1931,10,3,1931.7562,8
1931,10,10,1931.7753,5
1931,10,17,1931.7945,0
1931,10,24,1931.8137,5
1931,10,31,1931.8329,3
1931,11,7,1931.8521,3
1931,11,14,1931.8712,2
1931,11,21,1931.8904,2
1931,11,28,1931.9096,2
1931,12,5,1931.9288,2
1931,12,12,1931.9479,7
1931,12,19,1931.9671,7
1931,12,26,1931.9863,7
1932,1,2,1932.0055,6
1932,1,9,1932.0247,23
1932,1,16,1932.0438,7
1932,1,23,1932.0630,5
1932,1,30,1932.0822,15
1932,2,6,1932.1014,7
1932,2,13,1932.1205,26
1932,2,20,1932.1397,4
1932,2,27,1932.1589,7
1932,3,5,1932.1781,10
1932,3,12,1932.1973,11
1932,3,19,1932.2164,9
1932,3,26,1932.2356,5
1932,4,2,1932.2548,16
1932,4,9,1932.2740,5
1932,4,16,1932.2932,11
1932,4,23,1932.3123,2
1932,4,30,1932.3315,3
1932,5,7,1932.3507,2
1932,5,14,1932.3699,3
1932,5,21,1932.3890,59
1932,5,28,1932.4082,11
1932,6,4,1932.4274,4
1932,6,11,1932.4466,3
1932,6,18,1932.4658,7
1932,6,25,1932.4849,1
1932,7,2,1932.5041,3
1932,7,9,1932.5233,12
1932,7,16,1932.5425,0
1932,7,23,1932.5616,0
1932,7,30,1932.5808,0
1932,8,6,1932.6000,3
1932,8,13,1932.6192,0
1932,8,20,1932.6384,3
1932,8,27,1932.6575,0
1932,9,3,1932.6767,0
1932,9,10,1932.6959,2
1932,9,17,1932.7151,2
1932,9,24,1932.7342,2
1932,10,1,1932.7534,0
1932,10,8,1932.7726,1
1932,10,15,1932.7918,2
1932,10,22,1932.8110,0
1932,10,29,1932.8301,1
1932,11,5,1932.8493,4
1932,11,12,1932.8685,3
1932,11,19,1932.8877,11
1932,11,26,1932.9068,5
1932,12,3,1932.9260,0
1932,12,10,1932.9452,3
1932,12,17,1932.9644,3
1932,12,24,1932.9836,1
1932,12,31,1933.0027,18
1933,1,7,1933.0192,4
1933,1,14,1933.0384,2
1933,1,21,1933.0575,5
1933,1,28,1933.0767,1
1933,2,4,1933.0959,1
1933,2,11,1933.1151,0
1933,2,18,1933.1342,4
1933,2,25,1933.1534,3
1933,3,4,1933.1726,1
1933,3,11,1933.1918,1
1933,3,18,1933.2110,1
1933,3,25,1933.2301,6
1933,4,1,1933.2493,8
1933,4,8,1933.2685,12
1933,4,15,1933.2877,9
1933,4,22,1933.3068,24
1933,4,29,1933.3260,23
1933,5,6,1933.3452,14
1933,5,13,1933.3644,12
1933,5,20,1933.3836,9
1933,5,27,1933.4027,10
1933,6,3,1933.4219,1
1933,6,10,1933.4411,3
1933,6,17,1933.4603,12
1933,6,24,1933.4795,6
1933,7,1,1933.4986,4
1933,7,8,1933.5178,2
1933,7,15,1933.5370,2
1933,7,22,1933.5562,0
1933,7,29,1933.5753,0
1933,8,5,1933.5945,0
1933,8,12,1933.6137,0
1933,8,19,1933.6329,1
1933,8,26,1933.6521,1
1933,9,2,1933.6712,1
1933,9,9,1933.6904,0
1933,9,16,1933.7096,2
1933,9,23,1933.7288,2
1933,9,30,1933.7479,1
1933,10,7,1933.7671,2
1933,10,14,1933.7863,0
1933,10,21,1933.8055,0
1933,10,28,1933.8247,0
1933,11,4,1933.8438,6
1933,11,11,1933.8630,4
1933,11,18,1933.8822,1
1933,11,25,1933.9014,3
1933,12,2,1933.9205,1
1933,12,9,1933.9397,3
1933,12,16,1933.9589,3
1933,12,23,1933.9781,0
1933,12,30,1933.9973,0
1934,1,6,1934.0164,1
1934,1,13,1934.0356,4
1934,1,20,1934.0548,5
1934,1,27,1934.0740,2
1934,2,3,1934.0932,3
1934,2,10,1934.1123,3
1934,2,17,1934.1315,3
1934,2,24,1934.1507,8
1934,3,3,1934.1699,5
1934,3,10,1934.1890,1
1934,3,17,1934.2082,6
1934,3,24,1934.2274,8
1934,3,31,1934.2466,4
1934,4,7,1934.2658,2
1934,4,14,1934.2849,3
1934,4,21,1934.3041,3
1934,4,28,1934.3233,2
1934,5,5,1934.3425,2
1934,5,12,1934.3616,11
1934,5,19,1934.3808,1
1934,5,26,1934.4000,2
1934,6,2,1934.4192,1
1934,6,9,1934.4384,6
1934,6,16,1934.4575,1
1934,6,23,1934.4767,2
1934,6,30,1934.4959,0
1934,7,7,1934.5151,1
1934,7,14,1934.5342,3
1934,7,21,1934.5534,0
1934,7,28,1934.5726,3
1934,8,4,1934.5918,1
1934,8,11,1934.6110,4
1934,8,18,1934.6301,1
1934,8,25,1934.6493,1
1934,9,1,1934.6685,0
1934,9,8,1934.6877,0
1934,9,15,1934.7068,2
1934,9,22,1934.7260,4
1934,9,29,1934.7452,5
1934,10,6,1934.7644,3
1934,10,13,1934.7836,4
1934,10,20,1934.8027,1
1934,10,27,1934.8219,46
1934,11,3,1934.8411,13
1934,11,10,1934.8603,1
1934,11,17,1934.8795,49
1934,11,24,1934.8986,14
1934,12,1,1934.9178,14
1934,12,8,1934.9370,22
1934,12,15,1934.9562,26
1934,12,22,1934.9753,37
1934,12,29,1934.9945,6
1935,1,5,1935.0137,33
1935,1,12,1935.0329,78
1935,1,19,1935.0521,77
1935,1,26,1935.0712,104
1935,2,2,1935.0904,136
1935,2,9,1935.1096,191
1935,2,16,1935.1288,370
1935,2,23,1935.1479,524
1935,3,2,1935.1671,672
1935,3,9,1935.1863,887
1935,3,16,1935.2055,924
1935,3,23,1935.2247,712
1935,3,30,1935.2438,1297
1935,4,6,1935.2630,851
1935,4,13,1935.2822,745
1935,4,20,1935.3014,691
1935,4,27,1935.3205,855
1935,5,4,1935.3397,614
1935,5,11,1935.3589,850
1935,5,18,1935.3781,806
1935,5,25,1935.3973,1118
1935,6,1,1935.4164,908
1935,6,8,1935.4356,1465
1935,6,15,1935.4548,1341
1935,6,22,1935.4740,1062
1935,6,29,1935.4932,938
1935,7,6,1935.5123,659
1935,7,13,1935.5315,229
1935,7,20,1935.5507,101
1935,7,27,1935.5699,123
1935,8,3,1935.5890,75
1935,8,10,1935.6082,33
1935,8,17,1935.6274,15
1935,8,24,1935.6466,10
1935,8,31,1935.6658,7
1935,9,7,1935.6849,7
1935,9,14,1935.7041,2
1935,9,21,1935.7233,8
1935,9,28,1935.7425,13
1935,10,5,1935.7616,17
1935,10,12,1935.7808,11
1935,10,19,1935.8000,21
1935,10,26,1935.8192,38
1935,11,2,1935.8384,54
1935,11,9,1935.8575,33
1935,11,16,1935.8767,85
1935,11,23,1935.8959,83
1935,11,30,1935.9151,136
1935,12,7,1935.9342,40
1935,12,14,1935.9534,147
1935,12,21,1935.9726,216
1935,12,28,1935.9918,215
1936,1,4,1936.0110,191
1936,1,11,1936.0301,400
1936,1,18,1936.0493,638
1936,1,25,1936.0685,369
1936,2,1,1936.0877,517
1936,2,8,1936.1068,663
1936,2,15,1936.1260,935
1936,2,22,1936.1452,1140
1936,2,29,1936.1644,1258
1936,3,7,1936.1836,2163
1936,3,14,1936.2027,2542
1936,3,21,1936.2219,2795
1936,3,28,1936.2411,2646
1936,4,4,1936.2603,1865
1936,4,11,1936.2795,1549
1936,4,18,1936.2986,812
1936,4,25,1936.3178,1407
1936,5,2,1936.3370,1637
1936,5,9,1936.3562,1294
1936,5,16,1936.3753,1221
1936,5,23,1936.3945,631
1936,5,30,1936.4137,683
1936,6,6,1936.4329,489
1936,6,13,1936.4521,392
1936,6,20,1936.4712,331
1936,6,27,1936.4904,230
1936,7,4,1936.5096,164
1936,7,11,1936.5288,40
1936,7,18,1936.5479,140
1936,7,25,1936.5671,28
1936,8,1,1936.5863,17
1936,8,8,1936.6055,8
1936,8,15,1936.6247,6
1936,8,22,1936.6438,1
1936,8,29,1936.6630,3
1936,9,5,1936.6822,25
1936,9,12,1936.7014,9
1936,9,19,1936.7205,10
1936,9,26,1936.7397,2
1936,10,3,1936.7589,7
1936,10,10,1936.7781,8
1936,10,17,1936.7973,5
1936,10,24,1936.8164,8
1936,10,31,1936.8356,8
1936,11,7,1936.8548,12
1936,11,14,1936.8740,7
1936,11,21,1936.8932,5
1936,11,28,1936.9123,9
1936,12,5,1936.9315,11
1936,12,12,1936.9507,12
1936,12,19,1936.9699,4
1936,12,26,1936.9890,4
1937,1,2,1937.0055,7
1937,1,9,1937.0247,35
1937,1,16,1937.0438,44
1937,1,23,1937.0630,26
1937,1,30,1937.0822,15
1937,2,6,1937.1014,27
1937,2,13,1937.1205,19
1937,2,20,1937.1397,43
1937,2,27,1937.1589,46
1937,3,6,1937.1781,49
1937,3,13,1937.1973,15
1937,3,20,1937.2164,31
1937,3,27,1937.2356,18
1937,4,3,1937.2548,22
1937,4,10,1937.2740,10
1937,4,17,1937.2932,19
1937,4,24,1937.3123,28
1937,5,1,1937.3315,57
1937,5,8,1937.3507,36
1937,5,15,1937.3699,26
1937,5,22,1937.3890,14
1937,5,29,1937.4082,19
1937,6,5,1937.4274,58
1937,6,12,1937.4466,30
1937,6,19,1937.4658,29
1937,6,26,1937.4849,8
1937,7,3,1937.5041,14
1937,7,10,1937.5233,10
1937,7,17,1937.5425,10
1937,7,24,1937.5616,15
1937,7,31,1937.5808,6
1937,8,7,1937.6000,1
1937,8,14,1937.6192,1
1937,8,21,1937.6384,6
1937,8,28,1937.6575,7
1937,9,4,1937.6767,6
1937,9,11,1937.6959,6
1937,9,18,1937.7151,3
1937,9,25,1937.7342,2
1937,10,2,1937.7534,21
1937,10,9,1937.7726,8
1937,10,16,1937.7918,0
1937,10,23,1937.8110,24
1937,10,30,1937.8301,1
1937,11,6,1937.8493,1
1937,11,13,1937.8685,5
1937,11,20,1937.8877,7
1937,11,27,1937.9068,11
1937,12,4,1937.9260,5
1937,12,11,1937.9452,6
1937,12,18,1937.9644,6
1937,12,25,1937.9836,0
1938,1,1,1938.0027,8
1938,1,8,1938.0219,7
1938,1,15,1938.0411,15
1938,1,22,1938.0603,10
1938,1,29,1938.0795,13
1938,2,5,1938.0986,5
1938,2,12,1938.1178,23
1938,2,19,1938.1370,7
1938,2,26,1938.1562,32
1938,3,5,1938.1753,14
1938,3,12,1938.1945,19
1938,3,19,1938.2137,21
1938,3,26,1938.2329,13
1938,4,2,1938.2521,27
1938,4,9,1938.2712,69
1938,4,16,1938.2904,19
1938,4,23,1938.3096,20
1938,4,30,1938.3288,26
1938,5,7,1938.3479,15
1938,5,14,1938.3671,22
1938,5,21,1938.3863,27
1938,5,28,1938.4055,17
1938,6,4,1938.4247,11
1938,6,11,1938.4438,30
1938,6,18,1938.4630,20
1938,6,25,1938.4822,13
1938,7,2,1938.5014,13
1938,7,9,1938.5205,18
1938,7,16,1938.5397,24
1938,7,23,1938.5589,12
1938,7,30,1938.5781,3
1938,8,6,1938.5973,7
1938,8,13,1938.6164,2
1938,8,20,1938.6356,8
1938,8,27,1938.6548,4
1938,9,3,1938.6740,1
1938,9,10,1938.6932,7
1938,9,17,1938.7123,4
1938,9,24,1938.7315,6
1938,10,1,1938.7507,3
1938,10,8,1938.7699,6
1938,10,15,1938.7890,3
1938,10,22,1938.8082,17
1938,10,29,1938.8274,11
1938,11,5,1938.8466,21
1938,11,12,1938.8658,17
1938,11,19,1938.8849,14
1938,11,26,1938.9041,25
1938,12,3,1938.9233,25
1938,12,10,1938.9425,18
1938,12,17,1938.9616,28
1938,12,24,1938.9808,53
1938,12,31,1939.0000,14
1939,1,7,1939.0192,17
1939,1,14,1939.0384,18
1939,1,21,1939.0575,22
1939,1,28,1939.0767,28
1939,2,4,1939.0959,25
1939,2,11,1939.1151,29
1939,2,18,1939.1342,44
1939,2,25,1939.1534,28
1939,3,4,1939.1726,40
1939,3,11,1939.1918,32
1939,3,18,1939.2110,59
1939,3,25,1939.2301,20
1939,4,1,1939.2493,24
1939,4,8,1939.2685,14
1939,4,15,1939.2877,16
1939,4,22,1939.3068,26
1939,4,29,1939.3260,13
1939,5,6,1939.3452,14
1939,5,13,1939.3644,53
1939,5,20,1939.3836,47
1939,5,27,1939.4027,25
1939,6,3,1939.4219,26
1939,6,10,1939.4411,72
1939,6,17,1939.4603,125
1939,6,24,1939.4795,61
1939,7,1,1939.4986,31
1939,7,8,1939.5178,53
1939,7,15,1939.5370,3
1939,7,22,1939.5562,31
1939,7,29,1939.5753,0
1939,8,5,1939.5945,4
1939,8,12,1939.6137,1
1939,8,19,1939.6329,6
1939,8,26,1939.6521,17
1939,9,2,1939.6712,1
1939,9,9,1939.6904,19
1939,9,16,1939.7096,2
1939,9,23,1939.7288,4
1939,9,30,1939.7479,3
1939,10,7,1939.7671,1
1939,10,14,1939.7863,10
1939,10,21,1939.8055,7
1939,10,28,1939.8247,4
1939,11,4,1939.8438,20
1939,11,11,1939.8630,5
1939,11,18,1939.8822,3
1939,11,25,1939.9014,4
1939,12,2,1939.9205,11
1939,12,9,1939.9397,7
1939,12,16,1939.9589,4
1939,12,23,1939.9781,16
1939,12,30,1939.9973,15
1940,1,6,1940.0164,17
1940,1,13,1940.0356,20
1940,1,20,1940.0548,19
1940,1,27,1940.0740,12
1940,2,3,1940.0932,19
1940,2,10,1940.1123,17
1940,2,17,1940.1315,17
1940,2,24,1940.1507,12
1940,3,2,1940.1699,20
1940,3,9,1940.1890,110
1940,3,16,1940.2082,27
1940,3,23,1940.2274,10
1940,3,30,1940.2466,12
1940,4,6,1940.2658,16
1940,4,13,1940.2849,21
1940,4,20,1940.3041,52
1940,4,27,1940.3233,21
1940,5,4,1940.3425,16
1940,5,11,1940.3616,32
1940,5,18,1940.3808,78
1940,5,25,1940.4000,20
1940,6,1,1940.4192,33
1940,6,8,1940.4384,10
1940,6,15,1940.4575,19
1940,6,22,1940.4767,25
1940,6,29,1940.4959,6
1940,7,6,1940.5151,8
1940,7,13,1940.5342,6
1940,7,20,1940.5534,11
1940,7,27,1940.5726,18
1940,8,3,1940.5918,5
1940,8,10,1940.6110,7
1940,8,17,1940.6301,4
1940,8,24,1940.6493,5
1940,8,31,1940.6685,11
1940,9,7,1940.6877,1
1940,9,14,1940.7068,9
1940,9,21,1940.7260,9
1940,9,28,1940.7452,6
1940,10,5,1940.7644,7
1940,10,12,1940.7836,2
1940,10,19,1940.8027,1
1940,10,26,1940.8219,7
1940,11,2,1940.8411,30
1940,11,9,1940.8603,31
1940,11,16,1940.8795,13
1940,11,23,1940.8986,251
1940,11,30,1940.9178,132
1940,12,7,1940.9370,207
1940,12,14,1940.9562,211
1940,12,21,1940.9753,176
1940,12,28,1940.9945,244
1941,1,7,1941.0192,208
1941,1,11,1941.0301,545
1941,1,18,1941.0493,812
1941,1,25,1941.0685,789
1941,2,1,1941.0877,1054
1941,2,8,1941.1068,1059
1941,2,15,1941.1260,1694
1941,2,22,1941.1452,1611
1941,3,1,1941.1644,1768
1941,3,8,1941.1836,2120
1941,3,15,1941.2027,1970
1941,3,22,1941.2219,2491
1941,3,29,1941.2411,2045
1941,4,5,1941.2603,2159
1941,4,12,1941.2795,1449
1941,4,19,1941.2986,1306
1941,4,26,1941.3178,1186
1941,5,3,1941.3370,1174
1941,5,10,1941.3562,982
1941,5,17,1941.3753,803
1941,5,24,1941.3945,646
1941,5,31,1941.4137,647
1941,6,7,1941.4329,448
1941,6,14,1941.4521,317
1941,6,21,1941.4712,221
1941,6,28,1941.4904,201
1941,7,5,1941.5096,89
1941,7,12,1941.5288,82
1941,7,14,1941.5342,33
1941,7,26,1941.5671,15
1941,8,2,1941.5863,20
1941,8,9,1941.6055,65
1941,8,16,1941.6247,16
1941,8,23,1941.6438,9
1941,8,30,1941.6630,8
1941,9,6,1941.6822,14
1941,9,13,1941.7014,11
1941,9,20,1941.7205,5
1941,9,27,1941.7397,5
1941,10,4,1941.7589,13
1941,10,11,1941.7781,14
1941,10,18,1941.7973,13
1941,10,25,1941.8164,7
1941,11,1,1941.8356,4
1941,11,8,1941.8548,8
1941,11,15,1941.8740,13
1941,11,22,1941.8932,22
1941,11,29,1941.9123,19
1941,12,6,1941.9315,16
1941,12,13,1941.9507,13
1941,12,20,1941.9699,12
1941,12,27,1941.9890,18
1942,1,3,1942.0082,20
1942,1,10,1942.0274,21
1942,1,17,1942.0466,29
1942,1,24,1942.0658,35
1942,1,31,1942.0849,33
1942,2,7,1942.1041,64
1942,2,14,1942.1233,41
1942,2,21,1942.1425,51
1942,2,28,1942.1616,72
1942,3,7,1942.1808,74
1942,3,14,1942.2000,65
1942,3,21,1942.2192,105
1942,3,28,1942.2384,85
1942,4,4,1942.2575,40
1942,4,11,1942.2767,69
1942,4,18,1942.2959,60
1942,4,25,1942.3151,50
1942,5,2,1942.3342,68
1942,5,9,1942.3534,63
1942,5,16,1942.3726,62
1942,5,23,1942.3918,39
1942,5,30,1942.4110,46
1942,6,6,1942.4301,46
1942,6,13,1942.4493,53
1942,6,20,1942.4685,46
1942,6,27,1942.4877,23
1942,7,4,1942.5068,22
1942,7,11,1942.5260,26
1942,7,18,1942.5452,8
1942,7,25,1942.5644,12
1942,8,1,1942.5836,11
1942,8,8,1942.6027,9
1942,8,15,1942.6219,3
1942,8,22,1942.6411,7
1942,8,29,1942.6603,4
1942,9,5,1942.6795,5
1942,9,12,1942.6986,3
1942,9,19,1942.7178,2
1942,9,26,1942.7370,10
1942,10,3,1942.7562,6
1942,10,10,1942.7753,6
1942,10,17,1942.7945,8
1942,10,24,1942.8137,5
1942,10,21,1942.8055,8
1942,11,7,1942.8521,7
1942,11,14,1942.8712,8
1942,11,21,1942.8904,15
1942,11,28,1942.9096,12
1942,12,5,1942.9288,12
1942,12,12,1942.9479,6
1942,12,19,1942.9671,5
1942,12,26,1942.9863,11
1943,1,2,1943.0055,15
1943,1,9,1943.0247,16
1943,1,16,1943.0438,12
1943,1,23,1943.0630,9
1943,1,30,1943.0822,9
1943,2,6,1943.1014,12
1943,2,13,1943.1205,16
1943,2,20,1943.1397,29
1943,2,27,1943.1589,16
1943,3,6,1943.1781,28
1943,3,13,1943.1973,29
1943,3,20,1943.2164,34
1943,3,27,1943.2356,34
1943,4,3,1943.2548,78
1943,4,10,1943.2740,88
1943,4,17,1943.2932,152
1943,4,24,1943.3123,58
1943,5,1,1943.3315,110
1943,5,8,1943.3507,106
1943,5,15,1943.3699,127
1943,5,22,1943.3890,110
1943,5,29,1943.4082,210
1943,6,5,1943.4274,156
1943,6,12,1943.4466,162
1943,6,19,1943.4658,125
1943,6,26,1943.4849,76
1943,7,3,1943.5041,69
1943,7,10,1943.5233,38
1943,7,17,1943.5425,32
1943,7,24,1943.5616,20
1943,7,31,1943.5808,14
1943,8,7,1943.6000,15
1943,8,14,1943.6192,6
1943,8,21,1943.6384,7
1943,8,28,1943.6575,6
1943,9,4,1943.6767,6
1943,9,11,1943.6959,5
1943,9,18,1943.7151,4
1943,9,25,1943.7342,5
1943,10,2,1943.7534,4
1943,10,9,1943.7726,5
1943,10,16,1943.7918,9
1943,10,23,1943.8110,11
1943,10,30,1943.8301,10
1943,11,6,1943.8493,14
1943,11,13,1943.8685,9
1943,11,20,1943.8877,10
1943,11,27,1943.9068,16
1943,12,4,1943.9260,13
1943,12,11,1943.9452,17
1943,12,18,1943.9644,6
1943,12,25,1943.9836,10
1944,1,1,1944.0027,9
1944,1,8,1944.0219,13
1944,1,15,1944.0411,12
1944,1,22,1944.0603,17
1944,1,29,1944.0795,20
1944,2,5,1944.0986,24
1944,2,12,1944.1178,30
1944,2,19,1944.1370,29
1944,2,26,1944.1562,47
1944,3,4,1944.1753,23
1944,3,11,1944.1945,54
1944,3,18,1944.2137,69
1944,3,25,1944.2329,54
1944,4,1,1944.2521,109
1944,4,8,1944.2712,67
1944,4,15,1944.2904,66
1944,4,22,1944.3096,140
1944,4,29,1944.3288,201
1944,5,6,1944.3479,73
1944,5,13,1944.3671,235
1944,5,20,1944.3863,111
1944,5,27,1944.4055,77
1944,6,3,1944.4247,120
1944,6,10,1944.4438,90
1944,6,17,1944.4630,39
1944,6,24,1944.4822,32
1944,7,1,1944.5014,53
1944,7,8,1944.5205,45
1944,7,15,1944.5397,30
1944,7,22,1944.5589,7
1944,7,29,1944.5781,11
1944,8,5,1944.5973,16
1944,8,12,1944.6164,24
1944,8,19,1944.6356,6
1944,8,26,1944.6548,6
1944,9,2,1944.6740,1
1944,9,9,1944.6932,3
1944,9,16,1944.7123,6
1944,9,23,1944.7315,8
1944,9,30,1944.7507,7
1944,10,7,1944.7699,9
1944,10,14,1944.7890,1
1944,10,21,1944.8082,5
1944,10,28,1944.8274,8
1944,11,4,1944.8466,23
1944,11,11,1944.8658,3
1944,11,18,1944.8849,5
1944,11,25,1944.9041,11
1944,12,2,1944.9233,11
1944,12,9,1944.9425,21
1944,12,16,1944.9616,10
1944,12,23,1944.9808,9
1944,12,30,1945.0000,8
1945,1,6,1945.0164,20
1945,1,13,1945.0356,13
1945,1,20,1945.0548,13
1945,1,27,1945.0740,12
1945,2,3,1945.0932,20
1945,2,10,1945.1123,14
1945,2,17,1945.1315,12
1945,2,24,1945.1507,6
1945,3,3,1945.1699,12
1945,3,10,1945.1890,11
1945,3,17,1945.2082,16
1945,3,24,1945.2274,15
1945,3,31,1945.2466,32
1945,4,7,1945.2658,18
1945,4,14,1945.2849,26
1945,4,21,1945.3041,23
1945,4,28,1945.3233,27
1945,5,5,1945.3425,13
1945,5,12,1945.3616,43
1945,5,19,1945.3808,36
1945,5,26,1945.4000,41
1945,6,2,1945.4192,111
1945,6,9,1945.4384,47
1945,6,16,1945.4575,39
1945,6,23,1945.4767,134
1945,6,30,1945.4959,35
1945,7,7,1945.5151,45
1945,7,14,1945.5342,25
1945,7,21,1945.5534,8
1945,7,28,1945.5726,6
1945,8,4,1945.5918,7
1945,8,11,1945.6110,9
1945,8,18,1945.6301,4
1945,8,25,1945.6493,3
1945,9,1,1945.6685,1
1945,9,8,1945.6877,7
1945,9,15,1945.7068,7
1945,9,22,1945.7260,4
1945,9,29,1945.7452,7
1945,10,6,1945.7644,7
1945,10,13,1945.7836,17
1945,10,20,1945.8027,6
1945,10,27,1945.8219,13
1945,11,3,1945.8411,12
1945,11,10,1945.8603,10
1945,11,17,1945.8795,10
1945,11,24,1945.8986,14
1945,12,1,1945.9178,20
1945,12,8,1945.9370,22
1945,12,15,1945.9562,13
1945,12,22,1945.9753,25
1945,12,29,1945.9945,17
1946,1,5,1946.0137,24
1946,1,12,1946.0329,34
1946,1,19,1946.0521,35
1946,1,26,1946.0712,17
1946,2,2,1946.0904,58
1946,2,9,1946.1096,22
1946,2,16,1946.1288,25
1946,2,23,1946.1479,28
1946,3,2,1946.1671,9
1946,3,9,1946.1863,27
1946,3,16,1946.2055,27
1946,3,23,1946.2247,95
1946,3,30,1946.2438,192
1946,4,6,1946.2630,57
1946,4,13,1946.2822,31
1946,4,20,1946.3014,62
1946,4,27,1946.3205,33
1946,5,4,1946.3397,21
1946,5,11,1946.3589,39
1946,5,18,1946.3781,34
1946,5,25,1946.3973,44
1946,6,1,1946.4164,38
1946,6,8,1946.4356,13
1946,6,15,1946.4548,28
1946,6,22,1946.4740,21
1946,6,29,1946.4932,28
1946,7,6,1946.5123,11
1946,7,13,1946.5315,11
1946,7,20,1946.5507,10
1946,7,27,1946.5699,17
1946,8,3,1946.5890,3
1946,8,10,1946.6082,6
1946,8,17,1946.6274,0
1946,8,24,1946.6466,4
1946,8,31,1946.6658,4
1946,9,7,1946.6849,4
1946,9,14,1946.7041,7
1946,9,21,1946.7233,6
1946,9,28,1946.7425,5
1946,10,5,1946.7616,6
1946,10,12,1946.7808,5
1946,10,19,1946.8000,6
1946,10,26,1946.8192,6
1946,11,2,1946.8384,6
1946,11,9,1946.8575,13
1946,11,16,1946.8767,12
1946,11,23,1946.8959,8
1946,11,30,1946.9151,14
1946,12,7,1946.9342,15
1946,12,14,1946.9534,10
1946,12,21,1946.9726,7
1946,12,28,1946.9918,3
1947,1,4,1947.0110,8
1947,1,11,1947.0301,14
1947,1,18,1947.0493,41
1947,1,25,1947.0685,36
1947,2,1,1947.0877,23
1947,2,8,1947.1068,52
1947,2,15,1947.1260,42
1947,2,22,1947.1452,71
1947,3,1,1947.1644,87
1947,3,8,1947.1836,51
1947,3,15,1947.2027,70
1947,3,22,1947.2219,68
1947,3,29,1947.2411,44
1947,4,5,1947.2603,39
1947,4,12,1947.2795,45
1947,4,19,1947.2986,49
1947,4,26,1947.3178,45
1947,5,3,1947.3370,43
1947,5,10,1947.3562,61
1947,5,17,1947.3753,55
1947,5,24,1947.3945,37
1947,5,31,1947.4137,52
1947,6,7,1947.4329,42
1947,6,14,1947.4521,27
1947,6,21,1947.4712,33
1947,6,28,1947.4904,25
1947,7,5,1947.5096,14
1947,7,12,1947.5288,11
1947,7,19,1947.5479,6
1947,7,26,1947.5671,10
1947,8,2,1947.5863,6
1947,8,9,1947.6055,6
1947,8,16,1947.6247,20
1947,8,23,1947.6438,15
1947,8,30,1947.6630,13
1947,9,6,1947.6822,3
1947,9,13,1947.7014,7
1947,9,20,1947.7205,11
1947,9,27,1947.7397,5
1947,10,4,1947.7589,3
1947,10,11,1947.7781,13
1947,10,18,1947.7973,5
1947,10,25,1947.8164,14
1947,11,1,1947.8356,9
1947,11,8,1947.8548,9
1947,11,15,1947.8740,17
1947,11,22,1947.8932,23
1947,11,29,1947.9123,12
1947,12,6,1947.9315,13
1947,12,13,1947.9507,12
1947,12,20,1947.9699,15
1947,12,27,1947.9890,8
1948,1,3,1948.0082,11
1948,1,10,1948.0274,69
1948,1,17,1948.0466,22
1948,1,24,1948.0658,23
1948,1,31,1948.0849,80
1948,2,7,1948.1041,15
1948,2,14,1948.1233,27
1948,2,21,1948.1425,34
1948,2,28,1948.1616,49
1948,3,6,1948.1808,26
1948,3,13,1948.2000,27
1948,3,20,1948.2192,21
1948,3,27,1948.2384,18
1948,4,3,1948.2575,38
1948,4,10,1948.2767,14
1948,4,17,1948.2959,21
1948,4,24,1948.3151,27
1948,5,1,1948.3342,18
1948,5,8,1948.3534,12
1948,5,15,1948.3726,10
1948,5,22,1948.3918,15
1948,5,29,1948.4110,18
1948,6,5,1948.4301,21
1948,6,12,1948.4493,15
1948,6,19,1948.4685,13
1948,6,26,1948.4877,5
1948,7,3,1948.5068,13
1948,7,10,1948.5260,3
1948,7,17,1948.5452,3
1948,7,24,1948.5644,5
1948,7,31,1948.5836,2
1948,8,7,1948.6027,4
1948,8,14,1948.6219,6
1948,8,21,1948.6411,3
1948,8,28,1948.6603,9
1948,9,4,1948.6795,7
1948,9,11,1948.6986,13
1948,9,18,1948.7178,3
1948,9,25,1948.7370,3
1948,10,2,1948.7562,7
1948,10,9,1948.7753,11
1948,10,16,1948.7945,9
1948,10,23,1948.8137,7
1948,10,30,1948.8329,21
1948,11,6,1948.8521,7
1948,11,13,1948.8712,8
1948,11,20,1948.8904,6
1948,11,27,1948.9096,11
1948,12,4,1948.9288,9
1948,12,11,1948.9479,11
1948,12,18,1948.9671,12
1948,12,25,1948.9863,34
1949,1,1,1949.0027,9
1949,1,8,1949.0219,14
1949,1,15,1949.0411,13
1949,1,22,1949.0603,21
1949,1,29,1949.0795,24
1949,2,5,1949.0986,11
1949,2,12,1949.1178,27
1949,2,19,1949.1370,9
1949,2,26,1949.1562,38
1949,3,5,1949.1753,44
1949,3,12,1949.1945,54
1949,3,19,1949.2137,61
1949,3,26,1949.2329,48
1949,4,2,1949.2521,64
1949,4,9,1949.2712,144
1949,4,16,1949.2904,31
1949,4,23,1949.3096,20
1949,4,30,1949.3288,46
1949,5,7,1949.3479,42
1949,5,14,1949.3671,64
1949,5,21,1949.3863,62
1949,5,28,1949.4055,35
1949,6,4,1949.4247,79
1949,6,11,1949.4438,35
1949,6,18,1949.4630,63
1949,6,25,1949.4822,50
1949,7,2,1949.5014,26
1949,7,9,1949.5205,10
1949,7,16,1949.5397,8
1949,7,23,1949.5589,4
1949,7,30,1949.5781,4
1949,8,6,1949.5973,11
1949,8,13,1949.6164,7
1949,8,20,1949.6356,2
1949,8,27,1949.6548,7
1949,9,3,1949.6740,6
1949,9,10,1949.6932,5
1949,9,17,1949.7123,5
1949,9,24,1949.7315,5
1949,10,1,1949.7507,6
1949,10,8,1949.7699,8
1949,10,15,1949.7890,8
1949,10,22,1949.8082,7
1949,10,29,1949.8274,14
1949,11,5,1949.8466,17
1949,11,12,1949.8658,11
1949,11,19,1949.8849,12
1949,11,26,1949.9041,18
1949,12,3,1949.9233,40
1949,12,10,1949.9425,27
1949,12,17,1949.9616,61
1949,12,24,1949.9808,37
1949,12,31,1950.0000,64
1950,1,7,1950.0192,107
1950,1,14,1950.0384,110
1950,1,21,1950.0575,105
1950,1,28,1950.0767,94
1950,2,4,1950.0959,212
1950,2,11,1950.1151,278
1950,2,18,1950.1342,197
1950,2,25,1950.1534,408
1950,3,4,1950.1726,650
1950,3,11,1950.1918,372
1950,3,18,1950.2110,885
1950,3,25,1950.2301,620
1950,4,1,1950.2493,1258
1950,4,8,1950.2685,514
1950,4,15,1950.2877,792
1950,4,22,1950.3068,920
1950,4,29,1950.3260,1531
1950,5,6,1950.3452,1422
1950,5,13,1950.3644,1104
1950,5,20,1950.3836,1694
1950,5,27,1950.4027,1304
1950,6,3,1950.4219,1440
1950,6,10,1950.4411,1388
1950,6,17,1950.4603,1086
1950,6,24,1950.4795,835
1950,7,1,1950.4986,498
1950,7,8,1950.5178,175
1950,7,15,1950.5370,177
1950,7,22,1950.5562,73
1950,7,29,1950.5753,77
1950,8,5,1950.5945,63
1950,8,12,1950.6137,39
1950,8,19,1950.6329,37
1950,8,26,1950.6521,26
1950,9,2,1950.6712,36
1950,9,9,1950.6904,46
1950,9,16,1950.7096,33
1950,9,23,1950.7288,37
1950,9,30,1950.7479,56
1950,10,7,1950.7671,35
1950,10,14,1950.7863,41
1950,10,21,1950.8055,51
1950,10,28,1950.8247,59
1950,11,4,1950.8438,45
1950,11,11,1950.8630,28
1950,11,18,1950.8822,58
1950,11,25,1950.9014,48
1950,12,2,1950.9205,62
1950,12,9,1950.9397,59
1950,12,16,1950.9589,51
1950,12,23,1950.9781,63
1950,12,30,1950.9973,55
1951,1,6,1951.0164,146
1951,1,13,1951.0356,154
1951,1,20,1951.0548,107
1951,1,27,1951.0740,180
1951,2,3,1951.0932,243
1951,2,10,1951.1123,180
1951,2,17,1951.1315,241
1951,2,24,1951.1507,226
1951,3,3,1951.1699,246
1951,3,10,1951.1890,175
1951,3,17,1951.2082,187
1951,3,24,1951.2274,164
1951,3,31,1951.2466,120
1951,4,7,1951.2658,207
1951,4,14,1951.2849,218
1951,4,21,1951.3041,176
1951,4,28,1951.3233,234
1951,5,5,1951.3425,236
1951,5,12,1951.3616,175
1951,5,19,1951.3808,213
1951,5,26,1951.4000,205
1951,6,2,1951.4192,228
1951,6,9,1951.4384,203
1951,6,16,1951.4575,201
1951,6,23,1951.4767,202
1951,6,30,1951.4959,88
1951,7,7,1951.5151,57
1951,7,14,1951.5342,61
1951,7,21,1951.5534,33
1951,7,28,1951.5726,36
1951,8,4,1951.5918,16
1951,8,11,1951.6110,13
1951,8,18,1951.6301,37
1951,8,25,1951.6493,9
1951,9,1,1951.6685,15
1951,9,8,1951.6877,17
1951,9,15,1951.7068,12
1951,9,22,1951.7260,13
1951,9,29,1951.7452,4
1951,10,6,1951.7644,15
1951,10,13,1951.7836,11
1951,10,20,1951.8027,11
1951,10,27,1951.8219,23
1951,11,3,1951.8411,7
1951,11,10,1951.8603,25
1951,11,17,1951.8795,14
1951,11,24,1951.8986,23
1951,12,1,1951.9178,18
1951,12,8,1951.9370,31
1951,12,15,1951.9562,34
1951,12,22,1951.9753,37
1951,12,29,1951.9945,28
1952,1,5,1952.0137,74
1952,1,12,1952.0329,117
1952,1,19,1952.0521,104
1952,1,26,1952.0712,125
1952,2,2,1952.0904,129
1952,2,9,1952.1096,139
1952,2,16,1952.1288,128
1952,2,23,1952.1479,136
1952,3,1,1952.1671,171
1952,3,8,1952.1863,106
1952,3,15,1952.2055,181
1952,3,22,1952.2247,169
1952,3,29,1952.2438,241
1952,4,5,1952.2630,200
1952,4,12,1952.2822,252
1952,4,19,1952.3014,139
1952,4,26,1952.3205,178
1952,5,3,1952.3397,234
1952,5,10,1952.3589,154
1952,5,17,1952.3781,231
1952,5,24,1952.3973,277
1952,5,31,1952.4164,150
1952,6,7,1952.4356,231
1952,6,14,1952.4548,233
1952,6,21,1952.4740,206
1952,6,28,1952.4932,53
1952,7,5,1952.5123,140
1952,7,12,1952.5315,20
1952,7,19,1952.5507,9
1952,7,26,1952.5699,30
1952,8,2,1952.5890,9
1952,8,9,1952.6082,5
1952,8,16,1952.6274,2
1952,8,23,1952.6466,3
1952,8,30,1952.6658,0
1952,9,6,1952.6849,12
1952,9,13,1952.7041,12
1952,9,20,1952.7233,14
1952,9,27,1952.7425,5
1952,10,4,1952.7616,7
1952,10,11,1952.7808,11
1952,10,18,1952.8000,17
1952,10,25,1952.8192,11
1952,11,1,1952.8384,14
1952,11,8,1952.8575,7
1952,11,15,1952.8767,21
1952,11,22,1952.8959,27
1952,11,29,1952.9151,41
1952,12,6,1952.9342,32
1952,12,13,1952.9534,30
1952,12,20,1952.9726,19
1952,12,27,1952.9918,24
1953,1,3,1953.0082,12
1953,1,10,1953.0274,28
1953,1,17,1953.0466,25
1953,1,24,1953.0658,28
1953,1,31,1953.0849,45
1953,2,7,1953.1041,49
1953,2,14,1953.1233,53
1953,2,21,1953.1425,69
1953,2,28,1953.1616,46
1953,3,7,1953.1808,58
1953,3,14,1953.2000,148
1953,3,21,1953.2192,161
1953,3,28,1953.2384,229
1953,4,4,1953.2575,125
1953,4,11,1953.2767,97
1953,4,18,1953.2959,73
1953,4,25,1953.3151,112
1953,5,2,1953.3342,117
1953,5,9,1953.3534,255
1953,5,16,1953.3726,115
1953,5,23,1953.3918,124
1953,5,30,1953.4110,93
1953,6,6,1953.4301,47
1953,6,13,1953.4493,97
1953,6,20,1953.4685,60
1953,6,27,1953.4877,51
1953,7,4,1953.5068,41
1953,7,11,1953.5260,53
1953,7,18,1953.5452,19
1953,7,25,1953.5644,12
1953,8,1,1953.5836,6
1953,8,8,1953.6027,7
1953,8,15,1953.6219,8
1953,8,22,1953.6411,4
1953,8,29,1953.6603,6
1953,9,5,1953.6795,5
1953,9,12,1953.6986,15
1953,9,19,1953.7178,11
1953,9,26,1953.7370,14
1953,10,3,1953.7562,12
1953,10,10,1953.7753,16
1953,10,17,1953.7945,10
1953,10,24,1953.8137,13
1953,10,31,1953.8329,10
1953,11,7,1953.8521,7
1953,11,14,1953.8712,18
1953,11,21,1953.8904,8
1953,11,28,1953.9096,11
1953,12,5,1953.9288,11
1953,12,12,1953.9479,18
1953,12,19,1953.9671,12
1953,12,26,1953.9863,13
1954,1,2,1954.0055,17
1954,1,9,1954.0247,16
1954,1,16,1954.0438,11
1954,1,23,1954.0630,19
1954,1,30,1954.0822,21
1954,2,6,1954.1014,25
1954,2,13,1954.1205,71
1954,2,20,1954.1397,35
1954,2,27,1954.1589,25
1954,3,6,1954.1781,17
1954,3,13,1954.1973,48
1954,3,20,1954.2164,11
1954,3,27,1954.2356,43
1954,4,3,1954.2548,30
1954,4,10,1954.2740,26
1954,4,17,1954.2932,32
1954,4,24,1954.3123,51
1954,5,1,1954.3315,42
1954,5,8,1954.3507,46
1954,5,15,1954.3699,25
1954,5,22,1954.3890,45
1954,5,29,1954.4082,45
1954,6,5,1954.4274,62
1954,6,12,1954.4466,79
1954,6,19,1954.4658,69
1954,6,26,1954.4849,62
1954,7,3,1954.5041,57
1954,7,10,1954.5233,17
1954,7,17,1954.5425,12
1954,7,24,1954.5616,15
1954,7,31,1954.5808,9
1954,8,7,1954.6000,18
1954,8,14,1954.6192,6
1954,8,21,1954.6384,14
1954,8,28,1954.6575,9
1954,9,4,1954.6767,9
1954,9,11,1954.6959,12
1954,9,18,1954.7151,10
1954,9,25,1954.7342,8
1954,10,2,1954.7534,20
1954,10,9,1954.7726,18
1954,10,16,1954.7918,12
1954,10,23,1954.8110,13
1954,10,30,1954.8301,25
1954,11,6,1954.8493,11
1954,11,13,1954.8685,17
1954,11,20,1954.8877,13
1954,11,27,1954.9068,21
1954,12,4,1954.9260,25
1954,12,11,1954.9452,30
1954,12,18,1954.9644,63
1954,12,25,1954.9836,76
1955,1,1,1955.0027,27
1955,1,8,1955.0219,145
1955,1,15,1955.0411,138
1955,1,22,1955.0603,141
1955,1,29,1955.0795,258
1955,2,5,1955.0986,271
1955,2,12,1955.1178,386
1955,2,19,1955.1370,463
1955,2,26,1955.1562,604
1955,3,5,1955.1753,667
1955,3,12,1955.1945,828
1955,3,19,1955.2137,1001
1955,3,26,1955.2329,819
1955,4,2,1955.2521,947
1955,4,9,1955.2712,665
1955,4,16,1955.2904,656
1955,4,23,1955.3096,731
1955,4,30,1955.3288,860
1955,5,7,1955.3479,622
1955,5,14,1955.3671,838
1955,5,21,1955.3863,735
1955,5,28,1955.4055,746
1955,6,4,1955.4247,631
1955,6,11,1955.4438,578
1955,6,18,1955.4630,662
1955,6,25,1955.4822,450
1955,7,2,1955.5014,198
1955,7,9,1955.5205,154
1955,7,16,1955.5397,41
1955,7,23,1955.5589,42
1955,7,30,1955.5781,41
1955,8,6,1955.5973,22
1955,8,13,1955.6164,20
1955,8,20,1955.6356,46
1955,8,27,1955.6548,7
1955,9,3,1955.6740,15
1955,9,10,1955.6932,19
1955,9,17,1955.7123,21
1955,9,24,1955.7315,16
1955,10,1,1955.7507,19
1955,10,8,1955.7699,13
1955,10,15,1955.7890,34
1955,10,22,1955.8082,42
1955,10,29,1955.8274,22
1955,11,5,1955.8466,36
1955,11,12,1955.8658,48
1955,11,19,1955.8849,40
1955,11,26,1955.9041,44
1955,12,3,1955.9233,42
1955,12,10,1955.9425,43
1955,12,17,1955.9616,60
1955,12,24,1955.9808,73
1955,12,31,1956.0000,96
1956,1,7,1956.0192,70
1956,1,14,1956.0384,139
1956,1,21,1956.0575,233
1956,1,28,1956.0767,300
1956,2,4,1956.0959,229
1956,2,11,1956.1151,293
1956,2,18,1956.1342,260
1956,2,25,1956.1534,434
1956,3,3,1956.1726,409
1956,3,10,1956.1918,534
1956,3,17,1956.2110,657
1956,3,24,1956.2301,356
1956,3,31,1956.2493,298
1956,4,7,1956.2685,1255
1956,4,14,1956.2877,760
1956,4,21,1956.3068,1208
1956,4,28,1956.3260,805
1956,5,5,1956.3452,488
1956,5,12,1956.3644,555
1956,5,19,1956.3836,2077
1956,5,26,1956.4027,670
1956,6,2,1956.4219,1022
1956,6,9,1956.4411,698
1956,6,16,1956.4603,586
1956,6,23,1956.4795,497
1956,6,30,1956.4986,208
1956,7,7,1956.5178,118
1956,7,14,1956.5370,52
1956,7,21,1956.5562,49
1956,7,28,1956.5753,60
1956,8,4,1956.5945,43
1956,8,11,1956.6137,25
1956,8,18,1956.6329,23
1956,8,25,1956.6521,25
1956,9,1,1956.6712,74
1956,9,8,1956.6904,16
1956,9,15,1956.7096,31
1956,9,22,1956.7288,38
1956,9,29,1956.7479,22
1956,10,6,1956.7671,26
1956,10,13,1956.7863,22
1956,10,20,1956.8055,47
1956,10,27,1956.8247,24
1956,11,3,1956.8438,44
1956,11,10,1956.8630,31
1956,11,17,1956.8822,32
1956,11,24,1956.9014,61
1956,12,1,1956.9205,33
1956,12,8,1956.9397,16
1956,12,15,1956.9589,37
1956,12,22,1956.9781,18
1956,12,29,1956.9973,35
1957,1,5,1957.0137,33
1957,1,12,1957.0329,58
1957,1,19,1957.0521,53
1957,1,26,1957.0712,69
1957,2,2,1957.0904,47
1957,2,9,1957.1096,53
1957,2,16,1957.1288,52
1957,2,23,1957.1479,41
1957,3,2,1957.1671,72
1957,3,9,1957.1863,75
1957,3,16,1957.2055,50
1957,3,23,1957.2247,60
1957,3,30,1957.2438,78
1957,4,6,1957.2630,77
1957,4,13,1957.2822,54
1957,4,20,1957.3014,63
1957,4,27,1957.3205,51
1957,5,4,1957.3397,73
1957,5,11,1957.3589,114
1957,5,18,1957.3781,55
1957,5,25,1957.3973,84
1957,6,1,1957.4164,78
1957,6,8,1957.4356,82
1957,6,15,1957.4548,55
1957,6,22,1957.4740,78
1957,6,29,1957.4932,49
1957,7,6,1957.5123,65
1957,7,13,1957.5315,13
1957,7,20,1957.5507,38
1957,7,27,1957.5699,26
1957,8,3,1957.5890,28
1957,8,10,1957.6082,29
1957,8,17,1957.6274,15
1957,8,24,1957.6466,12
1957,8,31,1957.6658,11
1957,9,7,1957.6849,25
1957,9,14,1957.7041,19
1957,9,21,1957.7233,16
1957,9,28,1957.7425,16
1957,10,5,1957.7616,17
1957,10,12,1957.7808,16
1957,10,19,1957.8000,10
1957,10,26,1957.8192,10
1957,11,2,1957.8384,7
1957,11,9,1957.8575,9
1957,11,16,1957.8767,4
1957,11,23,1957.8959,8
1957,11,30,1957.9151,7
1957,12,7,1957.9342,20
1957,12,14,1957.9534,16
1957,12,21,1957.9726,5
1957,12,28,1957.9918,13
1958,1,4,1958.0110,11
1958,1,11,1958.0301,14
1958,1,18,1958.0493,12
1958,1,25,1958.0685,19
1958,2,1,1958.0877,42
1958,2,8,1958.1068,32
1958,2,15,1958.1260,33
1958,2,22,1958.1452,61
1958,3,1,1958.1644,57
1958,3,8,1958.1836,74
1958,3,15,1958.2027,89
1958,3,22,1958.2219,74
1958,3,29,1958.2411,95
1958,4,5,1958.2603,92
1958,4,12,1958.2795,37
1958,4,19,1958.2986,115
1958,4,26,1958.3178,124
1958,5,3,1958.3370,120
1958,5,10,1958.3562,200
1958,5,17,1958.3753,160
1958,5,24,1958.3945,184
1958,5,31,1958.4137,244
1958,6,7,1958.4329,193
1958,6,14,1958.4521,301
1958,6,21,1958.4712,301
1958,6,28,1958.4904,169
1958,7,5,1958.5096,37
1958,7,12,1958.5288,51
1958,7,19,1958.5479,16
1958,7,26,1958.5671,13
1958,8,2,1958.5863,6
1958,8,9,1958.6055,16
1958,8,16,1958.6247,8
1958,8,23,1958.6438,4
1958,8,30,1958.6630,10
1958,9,6,1958.6822,8
1958,9,13,1958.7014,16
1958,9,20,1958.7205,15
1958,9,27,1958.7397,17
1958,10,4,1958.7589,18
1958,10,11,1958.7781,4
1958,10,18,1958.7973,19
1958,10,25,1958.8164,25
1958,11,1,1958.8356,18
1958,11,8,1958.8548,18
1958,11,15,1958.8740,33
1958,11,22,1958.8932,39
1958,11,29,1958.9123,25
1958,12,6,1958.9315,45
1958,12,13,1958.9507,26
1958,12,20,1958.9699,38
1958,12,27,1958.9890,29
1959,1,3,1959.0082,39
1959,1,10,1959.0274,57
1959,1,17,1959.0466,54
1959,1,24,1959.0658,93
1959,1,31,1959.0849,55
1959,2,7,1959.1041,58
1959,2,14,1959.1233,114
1959,2,21,1959.1425,71
1959,2,28,1959.1616,97
1959,3,7,1959.1808,115
1959,3,14,1959.2000,79
1959,3,21,1959.2192,104
1959,3,28,1959.2384,84
1959,4,4,1959.2575,62
1959,4,11,1959.2767,95
1959,4,18,1959.2959,65
1959,4,25,1959.3151,107
1959,5,2,1959.3342,124
1959,5,9,1959.3534,88
1959,5,16,1959.3726,107
1959,5,23,1959.3918,161
1959,5,30,1959.4110,198
1959,6,6,1959.4301,193
1959,6,13,1959.4493,183
1959,6,20,1959.4685,120
1959,6,27,1959.4877,46
1959,7,4,1959.5068,84
1959,7,11,1959.5260,17
1959,7,18,1959.5452,15
1959,7,25,1959.5644,16
1959,8,1,1959.5836,9
1959,8,8,1959.6027,13
1959,8,15,1959.6219,15
1959,8,22,1959.6411,16
1959,8,29,1959.6603,20
1959,9,5,1959.6795,5
1959,9,12,1959.6986,11
1959,9,19,1959.7178,20
1959,9,26,1959.7370,5
1959,10,3,1959.7562,3
1959,10,10,1959.7753,6
1959,10,17,1959.7945,5
1959,10,24,1959.8137,11
1959,10,31,1959.8329,10
1959,11,7,1959.8521,13
1959,11,14,1959.8712,24
1959,11,21,1959.8904,8
1959,11,28,1959.9096,30
1959,12,5,1959.9288,29
1959,12,12,1959.9479,17
1959,12,19,1959.9671,13
1959,12,26,1959.9863,36
1960,1,2,1960.0055,26
1960,1,9,1960.0247,21
1960,1,16,1960.0438,53
1960,1,23,1960.0630,64
1960,1,30,1960.0822,77
1960,2,6,1960.1014,94
1960,2,13,1960.1205,86
1960,2,20,1960.1397,87
1960,2,27,1960.1589,60
1960,3,5,1960.1781,132
1960,3,12,1960.1973,55
1960,3,19,1960.2164,150
1960,3,26,1960.2356,112
1960,4,2,1960.2548,180
1960,4,9,1960.2740,87
1960,4,16,1960.2932,113
1960,4,23,1960.3123,67
1960,4,30,1960.3315,193
1960,5,7,1960.3507,164
1960,5,14,1960.3699,167
1960,5,21,1960.3890,213
1960,5,28,1960.4082,174
1960,6,4,1960.4274,273
1960,6,11,1960.4466,208
1960,6,18,1960.4658,153
1960,6,25,1960.4849,86
1960,7,2,1960.5041,78
1960,7,9,1960.5233,33
1960,7,16,1960.5425,24
1960,7,23,1960.5616,22
1960,7,30,1960.5808,11
1960,8,6,1960.6000,13
1960,8,13,1960.6192,12
1960,8,20,1960.6384,12
1960,8,27,1960.6575,10
1960,9,3,1960.6767,16
1960,9,10,1960.6959,5
1960,9,17,1960.7151,8
1960,9,24,1960.7342,15
1960,10,1,1960.7534,13
1960,10,8,1960.7726,17
1960,10,15,1960.7918,7
1960,10,22,1960.8110,13
1960,10,29,1960.8301,22
1960,11,5,1960.8493,16
1960,11,12,1960.8685,14
1960,11,19,1960.8877,14
1960,11,26,1960.9068,14
1960,12,3,1960.9260,25
1960,12,10,1960.9452,41
1960,12,17,1960.9644,16
1960,12,24,1960.9836,37
1960,12,31,1961.0027,12
1961,1,7,1961.0192,38
1961,1,14,1961.0384,54
1961,1,21,1961.0575,49
1961,1,28,1961.0767,56
1961,2,4,1961.0959,66
1961,2,11,1961.1151,86
1961,2,18,1961.1342,103
1961,2,25,1961.1534,66
1961,3,4,1961.1726,277
1961,3,11,1961.1918,119
1961,3,18,1961.2110,93
1961,3,25,1961.2301,146
1961,4,1,1961.2493,141
1961,4,8,1961.2685,79
1961,4,15,1961.2877,127
1961,4,22,1961.3068,228
1961,4,29,1961.3260,167
1961,5,6,1961.3452,292
1961,5,13,1961.3644,235
1961,5,20,1961.3836,298
1961,5,27,1961.4027,187
1961,6,3,1961.4219,227
1961,6,10,1961.4411,239
1961,6,17,1961.4603,297
1961,6,24,1961.4795,172
1961,7,1,1961.4986,147
1961,7,8,1961.5178,67
1961,7,15,1961.5370,107
1961,7,22,1961.5562,57
1961,7,29,1961.5753,46
1961,8,5,1961.5945,29
1961,8,12,1961.6137,29
1961,8,19,1961.6329,22
1961,8,26,1961.6521,25
1961,9,2,1961.6712,22
1961,9,9,1961.6904,56
1961,9,16,1961.7096,37
1961,9,23,1961.7288,13
1961,9,30,1961.7479,38
1961,10,7,1961.7671,28
1961,10,14,1961.7863,16
1961,10,21,1961.8055,19
1961,10,28,1961.8247,18
1961,11,4,1961.8438,12
1961,11,11,1961.8630,50
1961,11,18,1961.8822,18
1961,11,25,1961.9014,20
1961,12,2,1961.9205,26
1961,12,9,1961.9397,30
1961,12,16,1961.9589,6
1961,12,23,1961.9781,82
1961,12,30,1961.9973,29
1962,1,6,1962.0164,87
1962,1,13,1962.0356,96
1962,1,20,1962.0548,80
1962,1,27,1962.0740,147
1962,2,3,1962.0932,128
1962,2,10,1962.1123,162
1962,2,17,1962.1315,92
1962,2,24,1962.1507,106
1962,3,3,1962.1699,559
1962,3,10,1962.1890,162
1962,3,17,1962.2082,152
1962,3,24,1962.2274,191
1962,3,31,1962.2466,334
1962,4,7,1962.2658,114
1962,4,14,1962.2849,214
1962,4,21,1962.3041,179
1962,4,28,1962.3233,146
1962,5,5,1962.3425,409
1962,5,12,1962.3616,287
1962,5,19,1962.3808,288
1962,5,26,1962.4000,315
1962,6,2,1962.4192,400
1962,6,9,1962.4384,616
1962,6,16,1962.4575,308
1962,6,23,1962.4767,203
1962,6,30,1962.4959,116
1962,7,7,1962.5151,387
1962,7,14,1962.5342,35
1962,7,21,1962.5534,30
1962,7,28,1962.5726,17
1962,8,4,1962.5918,21
1962,8,11,1962.6110,29
1962,8,18,1962.6301,30
1962,8,25,1962.6493,25
1962,9,1,1962.6685,21
1962,9,8,1962.6877,41
1962,9,15,1962.7068,36
1962,9,22,1962.7260,40
1962,9,29,1962.7452,33
1962,10,6,1962.7644,12
1962,10,13,1962.7836,38
1962,10,20,1962.8027,33
1962,10,27,1962.8219,30
1962,11,3,1962.8411,43
1962,11,10,1962.8603,51
1962,11,17,1962.8795,25
1962,11,24,1962.8986,46
1962,12,1,1962.9178,32
1962,12,8,1962.9370,82
1962,12,15,1962.9562,96
1962,12,22,1962.9753,51
1962,12,29,1962.9945,55
1963,1,5,1963.0137,69
1963,1,12,1963.0329,71
1963,1,19,1963.0521,118
1963,1,26,1963.0712,125
1963,2,2,1963.0904,180
1963,2,9,1963.1096,139
1963,2,16,1963.1288,160
1963,2,23,1963.1479,163
1963,3,2,1963.1671,116
1963,3,9,1963.1863,149
1963,3,16,1963.2055,255
1963,3,23,1963.2247,172
1963,3,30,1963.2438,255
1963,4,6,1963.2630,170
1963,4,13,1963.2822,204
1963,4,20,1963.3014,131
1963,4,27,1963.3205,96
1963,5,4,1963.3397,134
1963,5,11,1963.3589,118
1963,5,18,1963.3781,152
1963,5,25,1963.3973,181
1963,6,1,1963.4164,220
1963,6,8,1963.4356,366
1963,6,15,1963.4548,166
1963,6,22,1963.4740,190
1963,6,29,1963.4932,148
1963,7,6,1963.5123,47
1963,7,13,1963.5315,107
1963,7,20,1963.5507,20
1963,7,27,1963.5699,49
1963,8,3,1963.5890,33
1963,8,10,1963.6082,35
1963,8,17,1963.6274,13
1963,8,24,1963.6466,12
1963,8,31,1963.6658,17
1963,9,7,1963.6849,22
1963,9,14,1963.7041,19
1963,9,21,1963.7233,32
1963,9,28,1963.7425,21
1963,10,5,1963.7616,38
1963,10,12,1963.7808,37
1963,10,19,1963.8000,36
1963,10,26,1963.8192,50
1963,11,2,1963.8384,24
1963,11,9,1963.8575,46
1963,11,16,1963.8767,51
1963,11,23,1963.8959,67
1963,11,30,1963.9151,95
1963,12,7,1963.9342,120
1963,12,14,1963.9534,119
1963,12,21,1963.9726,74
1963,12,28,1963.9918,64
1964,1,4,1964.0110,133
1964,1,11,1964.0301,171
1964,1,18,1964.0493,216
1964,1,25,1964.0685,157
1964,2,1,1964.0877,229
1964,2,8,1964.1068,255
1964,2,15,1964.1260,212
1964,2,22,1964.1452,266
1964,2,29,1964.1644,309
1964,3,7,1964.1836,354
1964,3,14,1964.2027,340
1964,3,21,1964.2219,424
1964,3,28,1964.2411,372
1964,4,4,1964.2603,408
1964,4,11,1964.2795,442
1964,4,18,1964.2986,561
1964,4,25,1964.3178,428
1964,5,2,1964.3370,713
1964,5,9,1964.3562,586
1964,5,16,1964.3753,514
1964,5,23,1964.3945,563
1964,5,30,1964.4137,449
1964,6,6,1964.4329,523
1964,6,13,1964.4521,359
1964,6,20,1964.4712,486
1964,6,27,1964.4904,414
1964,7,4,1964.5096,334
1964,7,11,1964.5288,115
1964,7,18,1964.5479,64
1964,7,25,1964.5671,61
1964,8,1,1964.5863,26
1964,8,8,1964.6055,22
1964,8,15,1964.6247,16
1964,8,22,1964.6438,13
1964,8,29,1964.6630,30
1964,9,5,1964.6822,10
1964,9,12,1964.7014,21
1964,9,19,1964.7205,22
1964,9,26,1964.7397,24
1964,10,3,1964.7589,23
1964,10,10,1964.7781,16
1964,10,17,1964.7973,22
1964,10,24,1964.8164,31
1964,10,31,1964.8356,47
1964,11,7,1964.8548,45
1964,11,14,1964.8740,42
1964,11,21,1964.8932,63
1964,11,28,1964.9123,75
1964,12,5,1964.9315,72
1964,12,12,1964.9507,81
1964,12,19,1964.9699,55
1964,12,26,1964.9890,62
1965,1,2,1965.0055,47
1965,1,9,1965.0247,106
1965,1,16,1965.0438,69
1965,1,23,1965.0630,105
1965,1,30,1965.0822,146
1965,2,6,1965.1014,345
1965,2,13,1965.1205,144
1965,2,20,1965.1397,221
1965,2,27,1965.1589,205
1965,3,6,1965.1781,667
1965,3,13,1965.1973,323
1965,3,20,1965.2164,219
1965,3,27,1965.2356,351
1965,4,3,1965.2548,1209
1965,4,10,1965.2740,322
1965,4,17,1965.2932,302
1965,4,24,1965.3123,155
1965,5,1,1965.3315,297
1965,5,8,1965.3507,758
1965,5,15,1965.3699,290
1965,5,22,1965.3890,255
1965,5,29,1965.4082,341
1965,6,5,1965.4274,692
1965,6,12,1965.4466,308
1965,6,19,1965.4658,212
1965,6,26,1965.4849,104
1965,7,3,1965.5041,352
1965,7,10,1965.5233,88
1965,7,17,1965.5425,36
1965,7,24,1965.5616,30
1965,7,31,1965.5808,16
1965,8,7,1965.6000,23
1965,8,14,1965.6192,21
1965,8,21,1965.6384,11
1965,8,28,1965.6575,9
1965,9,4,1965.6767,11
1965,9,11,1965.6959,29
1965,9,18,1965.7151,21
1965,9,25,1965.7342,34
1965,10,2,1965.7534,51
1965,10,9,1965.7726,22
1965,10,16,1965.7918,16
1965,10,23,1965.8110,15
1965,10,30,1965.8301,29
1965,11,6,1965.8493,29
1965,11,13,1965.8685,36
1965,11,20,1965.8877,29
1965,11,27,1965.9068,50
1965,12,4,1965.9260,53
1965,12,11,1965.9452,46
1965,12,18,1965.9644,45
1965,12,25,1965.9836,67
1966,1,1,1966.0027,51
1966,1,8,1966.0219,104
1966,1,15,1966.0411,98
1966,1,22,1966.0603,98
1966,1,29,1966.0795,166
1966,2,5,1966.0986,130
1966,2,12,1966.1178,256
1966,2,19,1966.1370,210
1966,2,26,1966.1562,220
1966,3,5,1966.1753,158
1966,3,12,1966.1945,369
1966,3,19,1966.2137,160
1966,3,26,1966.2329,364
1966,4,2,1966.2521,201
1966,4,9,1966.2712,268
1966,4,16,1966.2904,203
1966,4,23,1966.3096,216
1966,4,30,1966.3288,367
1966,5,7,1966.3479,294
1966,5,14,1966.3671,336
1966,5,21,1966.3863,241
1966,5,28,1966.4055,290
1966,6,4,1966.4247,359
1966,6,11,1966.4438,383
1966,6,18,1966.4630,207
1966,6,25,1966.4822,252
1966,7,2,1966.5014,165
1966,7,9,1966.5205,106
1966,7,16,1966.5397,42
1966,7,23,1966.5589,19
1966,7,30,1966.5781,31
1966,8,6,1966.5973,12
1966,8,13,1966.6164,19
1966,8,20,1966.6356,7
1966,8,27,1966.6548,17
1966,9,3,1966.6740,20
1966,9,10,1966.6932,6
1966,9,17,1966.7123,23
1966,9,24,1966.7315,12
1966,10,1,1966.7507,23
1966,10,8,1966.7699,27
1966,10,15,1966.7890,19
1966,10,22,1966.8082,23
1966,10,29,1966.8274,34
1966,11,5,1966.8466,24
1966,11,12,1966.8658,54
1966,11,19,1966.8849,21
1966,11,26,1966.9041,42
1966,12,3,1966.9233,55
1966,12,10,1966.9425,37
1966,12,17,1966.9616,61
1966,12,24,1966.9808,112
1966,12,31,1967.0000,24
1967,1,7,1967.0192,98
1967,1,14,1967.0384,75
1967,1,21,1967.0575,95
1967,1,28,1967.0767,69
1967,2,4,1967.0959,245
1967,2,11,1967.1151,58
1967,2,18,1967.1342,77
1967,2,25,1967.1534,70
1967,3,4,1967.1726,180
1967,3,11,1967.1918,145
1967,3,18,1967.2110,92
1967,3,25,1967.2301,74
1967,4,1,1967.2493,124
1967,4,8,1967.2685,82
1967,4,15,1967.2877,68
1967,4,22,1967.3068,113
1967,4,29,1967.3260,124
1967,5,6,1967.3452,190
1967,5,13,1967.3644,161
1967,5,20,1967.3836,153
1967,5,27,1967.4027,109
1967,6,3,1967.4219,113
1967,6,10,1967.4411,254
1967,6,17,1967.4603,154
1967,6,24,1967.4795,120
1967,7,1,1967.4986,111
1967,7,8,1967.5178,90
1967,7,15,1967.5370,53
1967,7,22,1967.5562,13
1967,7,29,1967.5753,13
1967,8,5,1967.5945,23
1967,8,12,1967.6137,16
1967,8,19,1967.6329,4
1967,8,26,1967.6521,7
1967,9,2,1967.6712,4
1967,9,9,1967.6904,6
1967,9,16,1967.7096,24
1967,9,23,1967.7288,18
1967,9,30,1967.7479,13
1967,10,7,1967.7671,13
1967,10,14,1967.7863,31
1967,10,21,1967.8055,11
1967,10,28,1967.8247,28
1967,11,4,1967.8438,22
1967,11,11,1967.8630,29
1967,11,18,1967.8822,24
1967,11,25,1967.9014,17
1967,12,2,1967.9205,20
1967,12,9,1967.9397,54
1967,12,16,1967.9589,23
1967,12,23,1967.9781,13
1967,12,30,1967.9973,40
1968,1,6,1968.0164,38
1968,1,13,1968.0356,47
1968,1,20,1968.0548,46
1968,1,27,1968.0740,52
1968,2,3,1968.0932,121
1968,2,10,1968.1123,57
1968,2,17,1968.1315,107
1968,2,24,1968.1507,85
1968,3,2,1968.1699,100
1968,3,9,1968.1890,199
1968,3,16,1968.2082,91
1968,3,23,1968.2274,113
1968,3,30,1968.2466,60
1968,4,6,1968.2658,180
1968,4,13,1968.2849,118
1968,4,20,1968.3041,247
1968,4,27,1968.3233,145
1968,5,4,1968.3425,197
1968,5,11,1968.3616,114
1968,5,18,1968.3808,156
1968,5,25,1968.4000,168
1968,6,1,1968.4192,274
1968,6,8,1968.4384,192
1968,6,15,1968.4575,150
1968,6,22,1968.4767,144
1968,6,29,1968.4959,223
1968,7,6,1968.5151,98
1968,7,13,1968.5342,33
1968,7,20,1968.5534,64
1968,7,27,1968.5726,30
1968,8,3,1968.5918,13
1968,8,10,1968.6110,6
1968,8,17,1968.6301,37
1968,8,24,1968.6493,40
1968,8,31,1968.6685,9
1968,9,7,1968.6877,7
1968,9,14,1968.7068,8
1968,9,21,1968.7260,18
1968,9,28,1968.7452,16
1968,10,5,1968.7644,34
1968,10,12,1968.7836,9
1968,10,19,1968.8027,9
1968,10,26,1968.8219,18
1968,11,2,1968.8411,36
1968,11,9,1968.8603,12
1968,11,16,1968.8795,48
1968,11,23,1968.8986,68
1968,11,30,1968.9178,57
1968,12,7,1968.9370,35
1968,12,14,1968.9562,70
1968,12,21,1968.9753,52
1968,12,28,1968.9945,43
1969,1,4,1969.0110,21
1969,1,11,1969.0301,33
1969,1,18,1969.0493,53
1969,1,25,1969.0685,44
1969,2,1,1969.0877,82
1969,2,8,1969.1068,163
1969,2,15,1969.1260,94
1969,2,22,1969.1452,105
1969,3,1,1969.1644,122
1969,3,8,1969.1836,126
1969,3,15,1969.2027,126
1969,3,22,1969.2219,63
1969,3,29,1969.2411,113
1969,4,5,1969.2603,315
1969,4,12,1969.2795,237
1969,4,19,1969.2986,188
1969,4,26,1969.3178,234
1969,5,3,1969.3370,124
1969,5,10,1969.3562,476
1969,5,17,1969.3753,236
1969,5,24,1969.3945,215
1969,5,31,1969.4137,243
1969,6,7,1969.4329,303
1969,6,14,1969.4521,288
1969,6,21,1969.4712,205
1969,6,28,1969.4904,179
1969,7,5,1969.5096,283
1969,7,12,1969.5288,114
1969,7,19,1969.5479,111
1969,7,26,1969.5671,25
1969,8,2,1969.5863,29
1969,8,9,1969.6055,11
1969,8,16,1969.6247,13
1969,8,23,1969.6438,12
1969,8,30,1969.6630,8
1969,9,6,1969.6822,14
1969,9,13,1969.7014,18
1969,9,20,1969.7205,11
1969,9,27,1969.7397,13
1969,10,4,1969.7589,11
1969,10,11,1969.7781,11
1969,10,18,1969.7973,22
1969,10,25,1969.8164,15
1969,11,1,1969.8356,49
1969,11,8,1969.8548,28
1969,11,15,1969.8740,60
1969,11,22,1969.8932,25
1969,11,29,1969.9123,40
1969,12,6,1969.9315,40
1969,12,13,1969.9507,79
1969,12,20,1969.9699,64
1969,12,27,1969.9890,62
1970,1,3,1970.0082,0
1970,1,10,1970.0274,0
1970,1,17,1970.0466,0
1970,1,24,1970.0658,0
1970,1,31,1970.0849,0
1970,2,7,1970.1041,0
1970,2,14,1970.1233,0
1970,2,21,1970.1425,0
1970,2,28,1970.1616,0
1970,3,7,1970.1808,0
1970,3,14,1970.2000,0
1970,3,21,1970.2192,0
1970,3,28,1970.2384,0
1970,4,4,1970.2575,0
1970,4,11,1970.2767,0
1970,4,18,1970.2959,0
1970,4,25,1970.3151,0
1970,5,2,1970.3342,0
1970,5,9,1970.3534,0
1970,5,16,1970.3726,0
1970,5,23,1970.3918,0
1970,5,30,1970.4110,0
1970,6,6,1970.4301,0
1970,6,13,1970.4493,0
1970,6,20,1970.4685,0
1970,6,27,1970.4877,0
1970,7,4,1970.5068,0
1970,7,11,1970.5260,0
1970,7,18,1970.5452,0
1970,7,25,1970.5644,0
1970,8,1,1970.5836,0
1970,8,8,1970.6027,0
1970,8,15,1970.6219,0
1970,8,22,1970.6411,0
1970,8,29,1970.6603,0
1970,9,5,1970.6795,0
1970,9,12,1970.6986,0
1970,9,19,1970.7178,0
1970,9,26,1970.7370,0
1970,10,3,1970.7562,0
1970,10,10,1970.7753,0
1970,10,17,1970.7945,0
1970,10,24,1970.8137,0
1970,10,31,1970.8329,0
1970,11,7,1970.8521,0
1970,11,14,1970.8712,0
1970,11,21,1970.8904,0
1970,11,28,1970.9096,0
1970,12,5,1970.9288,0
1970,12,12,1970.9479,0
1970,12,19,1970.9671,0
1970,12,26,1970.9863,0
1971,1,9,1971.0247,31
1971,1,16,1971.0438,38
1971,1,23,1971.0630,41
1971,1,30,1971.0822,35
1971,2,6,1971.1014,21
1971,2,13,1971.1205,25
1971,2,20,1971.1397,52
1971,2,27,1971.1589,20
1971,3,6,1971.1781,91
1971,3,13,1971.1973,69
1971,3,20,1971.2164,59
1971,3,27,1971.2356,20
1971,4,3,1971.2548,77
1971,4,10,1971.2740,27
1971,4,17,1971.2932,67
1971,4,24,1971.3123,76
1971,5,1,1971.3315,38
1971,5,8,1971.3507,51
1971,5,15,1971.3699,18
1971,5,22,1971.3890,63
1971,5,29,1971.4082,38
1971,6,5,1971.4274,35
1971,6,12,1971.4466,36
1971,6,19,1971.4658,27
1971,6,26,1971.4849,18
1971,7,3,1971.5041,111
1971,7,10,1971.5233,66
1971,7,17,1971.5425,14
1971,7,24,1971.5616,6
1971,7,31,1971.5808,16
1971,8,7,1971.6000,7
1971,8,14,1971.6192,6
1971,8,21,1971.6384,7
1971,8,28,1971.6575,4
1971,9,4,1971.6767,1
1971,9,11,1971.6959,9
1971,9,18,1971.7151,7
1971,9,25,1971.7342,11
1971,10,2,1971.7534,10
1971,10,9,1971.7726,12
1971,10,16,1971.7918,13
1971,10,23,1971.8110,10
1971,10,30,1971.8301,17
1971,11,6,1971.8493,18
1971,11,13,1971.8685,10
1971,11,20,1971.8877,14
1971,11,27,1971.9068,4
1971,12,4,1971.9260,23
1971,12,11,1971.9452,14
1971,12,18,1971.9644,11
1971,12,25,1971.9836,8
1972,1,1,1972.0027,9
1972,1,8,1972.0219,8
1972,1,15,1972.0411,21
1972,1,22,1972.0603,17
1972,1,29,1972.0795,10
1972,2,5,1972.0986,21
1972,2,12,1972.1178,19
1972,2,19,1972.1370,25
1972,2,26,1972.1562,16
1972,3,4,1972.1753,31
1972,3,11,1972.1945,16
1972,3,18,1972.2137,7
1972,3,25,1972.2329,9
1972,4,1,1972.2521,12
1972,4,8,1972.2712,14
1972,4,15,1972.2904,25
1972,4,22,1972.3096,20
1972,4,29,1972.3288,24
1972,5,6,1972.3479,28
1972,5,13,1972.3671,19
1972,5,20,1972.3863,19
1972,5,27,1972.4055,13
1972,6,3,1972.4247,16
1972,6,10,1972.4438,21
1972,6,17,1972.4630,12
1972,6,24,1972.4822,14
1972,7,1,1972.5014,6
1972,7,8,1972.5205,13
1972,7,15,1972.5397,7
1972,7,22,1972.5589,7
1972,7,29,1972.5781,11
1972,8,5,1972.5973,13
1972,8,12,1972.6164,2
1972,8,19,1972.6356,2
1972,8,26,1972.6548,6
1972,9,2,1972.6740,9
1972,9,9,1972.6932,11
1972,9,16,1972.7123,3
1972,9,23,1972.7315,5
1972,9,30,1972.7507,12
1972,10,7,1972.7699,7
1972,10,14,1972.7890,3
1972,10,21,1972.8082,14
1972,10,28,1972.8274,4
1972,11,4,1972.8466,5
1972,11,11,1972.8658,11
1972,11,18,1972.8849,10
1972,11,25,1972.9041,16
1972,12,2,1972.9233,19
1972,12,9,1972.9425,14
1972,12,16,1972.9616,6
1972,12,23,1972.9808,3
1972,12,30,1973.0000,19
1973,1,6,1973.0164,10
1973,1,13,1973.0356,10
1973,1,20,1973.0548,13
1973,1,27,1973.0740,13
1973,2,3,1973.0932,76
1973,2,10,1973.1123,11
1973,2,17,1973.1315,11
1973,2,24,1973.1507,12
1973,3,3,1973.1699,5
1973,3,10,1973.1890,13
1973,3,17,1973.2082,13
1973,3,24,1973.2274,11
1973,3,31,1973.2466,10
1973,4,7,1973.2658,13
1973,4,14,1973.2849,19
1973,4,21,1973.3041,17
1973,4,28,1973.3233,25
1973,5,5,1973.3425,20
1973,5,12,1973.3616,18
1973,5,19,1973.3808,20
1973,5,26,1973.4000,6
1973,6,2,1973.4192,14
1973,6,9,1973.4384,15
1973,6,16,1973.4575,14
1973,6,23,1973.4767,20
1973,6,30,1973.4959,10
1973,7,7,1973.5151,19
1973,7,14,1973.5342,11
1973,7,21,1973.5534,7
1973,7,28,1973.5726,3
1973,8,4,1973.5918,9
1973,8,11,1973.6110,5
1973,8,18,1973.6301,5
1973,8,25,1973.6493,6
1973,9,1,1973.6685,8
1973,9,8,1973.6877,5
1973,9,15,1973.7068,13
1973,9,22,1973.7260,7
1973,9,29,1973.7452,2
1973,10,6,1973.7644,7
1973,10,13,1973.7836,14
1973,10,20,1973.8027,11
1973,10,27,1973.8219,12
1973,11,3,1973.8411,13
1973,11,10,1973.8603,12
1973,11,17,1973.8795,13
1973,11,24,1973.8986,7
1973,12,1,1973.9178,13
1973,12,8,1973.9370,20
1973,12,15,1973.9562,1
1973,12,22,1973.9753,8
1973,12,29,1973.9945,14
1974,1,5,1974.0137,15
1974,1,12,1974.0329,22
1974,1,19,1974.0521,21
1974,1,26,1974.0712,28
1974,2,2,1974.0904,26
1974,2,9,1974.1096,27
1974,2,16,1974.1288,47
1974,2,23,1974.1479,20
1974,3,2,1974.1671,20
1974,3,9,1974.1863,97
1974,3,16,1974.2055,44
1974,3,23,1974.2247,45
1974,3,30,1974.2438,63
1974,4,6,1974.2630,70
1974,4,13,1974.2822,113
1974,4,20,1974.3014,31
1974,4,27,1974.3205,222
1974,5,4,1974.3397,117
1974,5,11,1974.3589,168
1974,5,18,1974.3781,187
1974,5,25,1974.3973,80
1974,6,1,1974.4164,122
1974,6,8,1974.4356,158
1974,6,15,1974.4548,157
1974,6,22,1974.4740,107
1974,6,29,1974.4932,88
1974,7,6,1974.5123,31
1974,7,13,1974.5315,115
1974,7,20,1974.5507,14
1974,7,27,1974.5699,11
1974,8,3,1974.5890,11
1974,8,10,1974.6082,6
1974,8,17,1974.6274,10
1974,8,24,1974.6466,8
1974,8,31,1974.6658,5
1974,9,7,1974.6849,10
1974,9,14,1974.7041,5
1974,9,21,1974.7233,11
1974,9,28,1974.7425,11
1974,10,5,1974.7616,17
1974,10,12,1974.7808,14
1974,10,19,1974.8000,27
1974,10,26,1974.8192,10
1974,11,2,1974.8384,25
1974,11,9,1974.8575,24
1974,11,16,1974.8767,21
1974,11,23,1974.8959,17
1974,11,30,1974.9151,26
1974,12,7,1974.9342,26
1974,12,14,1974.9534,18
1974,12,21,1974.9726,0
1974,12,28,1974.9918,32
1975,1,4,1975.0110,20
1975,1,11,1975.0301,27
1975,1,18,1975.0493,28
1975,1,25,1975.0685,59
1975,2,1,1975.0877,45
1975,2,8,1975.1068,34
1975,2,15,1975.1260,76
1975,2,22,1975.1452,63
1975,3,1,1975.1644,100
1975,3,8,1975.1836,686
1975,3,15,1975.2027,79
1975,3,22,1975.2219,107
1975,3,29,1975.2411,67
1975,4,5,1975.2603,110
1975,4,12,1975.2795,55
1975,4,19,1975.2986,300
1975,4,26,1975.3178,91
1975,5,3,1975.3370,480
1975,5,10,1975.3562,187
1975,5,17,1975.3753,61
1975,5,24,1975.3945,95
1975,5,31,1975.4137,41
1975,6,7,1975.4329,215
1975,6,14,1975.4521,71
1975,6,21,1975.4712,29
1975,6,28,1975.4904,18
1975,7,5,1975.5096,29
1975,7,12,1975.5288,10
1975,7,19,1975.5479,6
1975,7,26,1975.5671,10
1975,8,2,1975.5863,2
1975,8,9,1975.6055,12
1975,8,16,1975.6247,11
1975,8,23,1975.6438,6
1975,8,30,1975.6630,1
1975,9,6,1975.6822,7
1975,9,13,1975.7014,9
1975,9,20,1975.7205,16
1975,9,27,1975.7397,4
1975,10,4,1975.7589,17
1975,10,11,1975.7781,17
1975,10,18,1975.7973,4
1975,10,25,1975.8164,7
1975,11,1,1975.8356,13
1975,11,8,1975.8548,8
1975,11,15,1975.8740,16
1975,11,22,1975.8932,18
1975,11,29,1975.9123,12
1975,12,6,1975.9315,22
1975,12,13,1975.9507,20
1975,12,20,1975.9699,31
1975,12,27,1975.9890,19
1976,1,3,1976.0082,12
1976,1,10,1976.0274,76
1976,1,17,1976.0466,56
1976,1,24,1976.0658,41
1976,1,31,1976.0849,103
1976,2,7,1976.1041,84
1976,2,14,1976.1233,81
1976,2,21,1976.1425,52
1976,2,28,1976.1616,103
1976,3,6,1976.1808,59
1976,3,13,1976.2000,126
1976,3,20,1976.2192,27
1976,3,27,1976.2384,55
1976,4,3,1976.2575,41
1976,4,10,1976.2767,77
1976,4,17,1976.2959,86
1976,4,24,1976.3151,102
1976,5,1,1976.3342,92
1976,5,8,1976.3534,90
1976,5,15,1976.3726,57
1976,5,22,1976.3918,36
1976,5,29,1976.4110,46
1976,6,5,1976.4301,63
1976,6,12,1976.4493,72
1976,6,19,1976.4685,109
1976,6,26,1976.4877,11
1976,7,3,1976.5068,41
1976,7,10,1976.5260,38
1976,7,17,1976.5452,9
1976,7,24,1976.5644,10
1976,7,31,1976.5836,8
1976,8,7,1976.6027,4
1976,8,14,1976.6219,8
1976,8,21,1976.6411,5
1976,8,28,1976.6603,7
1976,9,4,1976.6795,4
1976,9,11,1976.6986,8
1976,9,18,1976.7178,8
1976,9,25,1976.7370,5
1976,10,2,1976.7562,5
1976,10,9,1976.7753,11
1976,10,16,1976.7945,15
1976,10,23,1976.8137,9
1976,10,30,1976.8329,10
1976,11,6,1976.8521,13
1976,11,13,1976.8712,13
1976,11,20,1976.8904,5
1976,11,27,1976.9096,15
1976,12,4,1976.9288,5
1976,12,11,1976.9479,21
1976,12,18,1976.9671,14
1976,12,25,1976.9863,5
1977,1,1,1977.0027,21
1977,1,8,1977.0219,15
1977,1,15,1977.0411,7
1977,1,22,1977.0603,20
1977,1,29,1977.0795,28
1977,2,5,1977.0986,55
1977,2,12,1977.1178,12
1977,2,19,1977.1370,15
1977,2,26,1977.1562,27
1977,3,5,1977.1753,27
1977,3,12,1977.1945,27
1977,3,19,1977.2137,24
1977,3,26,1977.2329,16
1977,4,2,1977.2521,29
1977,4,9,1977.2712,26
1977,4,16,1977.2904,26
1977,4,23,1977.3096,33
1977,4,30,1977.3288,52
1977,5,7,1977.3479,29
1977,5,14,1977.3671,33
1977,5,21,1977.3863,19
1977,5,28,1977.4055,42
1977,6,4,1977.4247,26
1977,6,11,1977.4438,28
1977,6,18,1977.4630,28
1977,6,25,1977.4822,15
1977,7,2,1977.5014,26
1977,7,9,1977.5205,15
1977,7,16,1977.5397,6
1977,7,23,1977.5589,7
1977,7,30,1977.5781,12
1977,8,6,1977.5973,2
1977,8,13,1977.6164,5
1977,8,20,1977.6356,10
1977,8,27,1977.6548,16
1977,9,3,1977.6740,3
1977,9,10,1977.6932,6
1977,9,17,1977.7123,2
1977,9,24,1977.7315,1
1977,10,1,1977.7507,8
1977,10,8,1977.7699,1
1977,10,15,1977.7890,4
1977,10,22,1977.8082,14
1977,10,29,1977.8274,8
1977,11,5,1977.8466,10
1977,11,12,1977.8658,17
1977,11,19,1977.8849,5
1977,11,26,1977.9041,10
1977,12,3,1977.9233,14
1977,12,10,1977.9425,14
1977,12,17,1977.9616,35
1977,12,24,1977.9808,1
1977,12,31,1978.0000,7
1978,1,7,1978.0192,8
1978,1,14,1978.0384,20
1978,1,21,1978.0575,52
1978,1,28,1978.0767,6
1978,2,4,1978.0959,8
1978,2,11,1978.1151,57
1978,2,18,1978.1342,15
1978,2,25,1978.1534,12
1978,3,4,1978.1726,34
1978,3,11,1978.1918,27
1978,3,18,1978.2110,20
1978,3,25,1978.2301,20
1978,4,1,1978.2493,23
1978,4,8,1978.2685,57
1978,4,15,1978.2877,44
1978,4,22,1978.3068,59
1978,4,29,1978.3260,43
1978,5,6,1978.3452,108
1978,5,13,1978.3644,34
1978,5,20,1978.3836,47
1978,5,27,1978.4027,59
1978,6,3,1978.4219,53
1978,6,10,1978.4411,56
1978,6,17,1978.4603,55
1978,6,24,1978.4795,22
1978,7,1,1978.4986,17
1978,7,8,1978.5178,20
1978,7,15,1978.5370,18
1978,7,22,1978.5562,9
1978,7,29,1978.5753,1
1978,8,5,1978.5945,14
1978,8,12,1978.6137,9
1978,8,19,1978.6329,13
1978,8,26,1978.6521,13
1978,9,2,1978.6712,24
1978,9,9,1978.6904,13
1978,9,16,1978.7096,13
1978,9,23,1978.7288,8
1978,9,30,1978.7479,12
1978,10,7,1978.7671,21
1978,10,14,1978.7863,1
1978,10,21,1978.8055,9
1978,10,28,1978.8247,11
1978,11,4,1978.8438,16
1978,11,11,1978.8630,11
1978,11,18,1978.8822,12
1978,11,25,1978.9014,17
1978,12,2,1978.9205,14
1978,12,9,1978.9397,30
1978,12,16,1978.9589,18
1978,12,23,1978.9781,10
1978,12,30,1978.9973,12
1979,1,6,1979.0164,11
1979,1,13,1979.0356,17
1979,1,20,1979.0548,36
1979,1,27,1979.0740,16
1979,2,3,1979.0932,14
1979,2,10,1979.1123,41
1979,2,17,1979.1315,47
1979,2,24,1979.1507,35
1979,3,3,1979.1699,28
1979,3,10,1979.1890,56
1979,3,17,1979.2082,71
1979,3,24,1979.2274,60
1979,3,31,1979.2466,108
1979,4,7,1979.2658,44
1979,4,14,1979.2849,73
1979,4,21,1979.3041,85
1979,4,28,1979.3233,51
1979,5,5,1979.3425,84
1979,5,12,1979.3616,81
1979,5,19,1979.3808,58
1979,5,26,1979.4000,98
1979,6,2,1979.4192,126
1979,6,9,1979.4384,75
1979,6,16,1979.4575,48
1979,6,23,1979.4767,65
1979,6,30,1979.4959,90
1979,7,7,1979.5151,28
1979,7,14,1979.5342,15
1979,7,21,1979.5534,19
1979,7,28,1979.5726,18
1979,8,4,1979.5918,1
1979,8,11,1979.6110,5
1979,8,18,1979.6301,2
1979,8,25,1979.6493,11
1979,9,1,1979.6685,2
1979,9,8,1979.6877,1
1979,9,15,1979.7068,2
1979,9,22,1979.7260,7
1979,9,29,1979.7452,14
1979,10,6,1979.7644,12
1979,10,13,1979.7836,13
1979,10,20,1979.8027,14
1979,10,27,1979.8219,5
1979,11,3,1979.8411,16
1979,11,10,1979.8603,15
1979,11,17,1979.8795,8
1979,11,24,1979.8986,17
1979,12,1,1979.9178,16
1979,12,8,1979.9370,18
1979,12,15,1979.9562,14
1979,12,22,1979.9753,15
1979,12,29,1979.9945,12
1980,1,5,1980.0137,9
1980,1,12,1980.0329,32
1980,1,19,1980.0521,23
1980,1,26,1980.0712,32
1980,2,2,1980.0904,22
1980,2,9,1980.1096,40
1980,2,16,1980.1288,33
1980,2,23,1980.1479,46
1980,3,1,1980.1671,35
1980,3,8,1980.1863,53
1980,3,15,1980.2055,16
1980,3,22,1980.2247,15
1980,3,29,1980.2438,24
1980,4,5,1980.2630,30
1980,4,12,1980.2822,92
1980,4,19,1980.3014,41
1980,4,26,1980.3205,40
1980,5,3,1980.3397,52
1980,5,10,1980.3589,64
1980,5,17,1980.3781,29
1980,5,24,1980.3973,26
1980,5,31,1980.4164,52
1980,6,7,1980.4356,41
1980,6,14,1980.4548,53
1980,6,21,1980.4740,20
1980,6,28,1980.4932,17
1980,7,5,1980.5123,24
1980,7,12,1980.5315,19
1980,7,19,1980.5507,8
1980,7,26,1980.5699,2
1980,8,2,1980.5890,7
1980,8,9,1980.6082,10
1980,8,16,1980.6274,8
1980,8,23,1980.6466,3
1980,8,30,1980.6658,5
1980,9,6,1980.6849,2
1980,9,13,1980.7041,1
1980,9,20,1980.7233,7
1980,9,27,1980.7425,3
1980,10,4,1980.7616,5
1980,10,11,1980.7808,12
1980,10,18,1980.8000,8
1980,10,25,1980.8192,18
1980,11,1,1980.8384,6
1980,11,8,1980.8575,17
1980,11,15,1980.8767,15
1980,11,22,1980.8959,16
1980,11,29,1980.9151,12
1980,12,6,1980.9342,14
1980,12,13,1980.9534,8
1980,12,20,1980.9726,0
1980,12,27,1980.9918,8
1981,1,3,1981.0082,17
1981,1,10,1981.0274,5
1981,1,17,1981.0466,8
1981,1,24,1981.0658,15
1981,1,31,1981.0849,7
1981,2,7,1981.1041,29
1981,2,14,1981.1233,20
1981,2,21,1981.1425,20
1981,2,28,1981.1616,24
1981,3,7,1981.1808,25
1981,3,14,1981.2000,15
1981,3,21,1981.2192,19
1981,3,28,1981.2384,9
1981,4,4,1981.2575,13
1981,4,11,1981.2767,24
1981,4,18,1981.2959,8
1981,4,25,1981.3151,8
1981,5,2,1981.3342,19
1981,5,9,1981.3534,30
1981,5,16,1981.3726,9
1981,5,23,1981.3918,27
1981,5,30,1981.4110,18
1981,6,6,1981.4301,14
1981,6,13,1981.4493,10
1981,6,20,1981.4685,4
1981,6,27,1981.4877,2
1981,7,4,1981.5068,6
1981,7,11,1981.5260,1
1981,7,18,1981.5452,8
1981,7,25,1981.5644,2
1981,8,1,1981.5836,0
1981,8,8,1981.6027,2
1981,8,15,1981.6219,2
1981,8,22,1981.6411,0
1981,8,29,1981.6603,3
1981,9,5,1981.6795,2
1981,9,12,1981.6986,0
1981,9,19,1981.7178,3
1981,9,26,1981.7370,4
1981,10,3,1981.7562,0
1981,10,10,1981.7753,3
1981,10,17,1981.7945,5
1981,10,24,1981.8137,1
1981,10,31,1981.8329,4
1981,11,7,1981.8521,5
1981,11,14,1981.8712,11
1981,11,21,1981.8904,8
1981,11,28,1981.9096,7
1981,12,5,1981.9288,5
1981,12,12,1981.9479,3
1981,12,19,1981.9671,0
1981,12,26,1981.9863,10
1982,1,2,1982.0055,2
1982,1,9,1982.0247,8
1982,1,16,1982.0438,4
1982,1,23,1982.0630,11
1982,1,30,1982.0822,5
1982,2,6,1982.1014,13
1982,2,13,1982.1205,6
1982,2,20,1982.1397,9
1982,2,27,1982.1589,11
1982,3,6,1982.1781,7
1982,3,13,1982.1973,15
1982,3,20,1982.2164,3
1982,3,27,1982.2356,15
1982,4,3,1982.2548,6
1982,4,10,1982.2740,16
1982,4,17,1982.2932,10
1982,4,24,1982.3123,14
1982,5,1,1982.3315,62
1982,5,8,1982.3507,44
1982,5,15,1982.3699,35
1982,5,22,1982.3890,18
1982,5,29,1982.4082,18
1982,6,5,1982.4274,14
1982,6,12,1982.4466,16
1982,6,19,1982.4658,15
1982,6,26,1982.4849,6
1982,7,3,1982.5041,21
1982,7,10,1982.5233,8
1982,7,17,1982.5425,9
1982,7,24,1982.5616,4
1982,7,31,1982.5808,4
1982,8,7,1982.6000,16
1982,8,14,1982.6192,2
1982,8,21,1982.6384,0
1982,8,28,1982.6575,2
1982,9,4,1982.6767,7
1982,9,11,1982.6959,2
1982,9,18,1982.7151,3
1982,9,25,1982.7342,7
1982,10,2,1982.7534,5
1982,10,9,1982.7726,5
1982,10,16,1982.7918,10
1982,10,23,1982.8110,5
1982,10,30,1982.8301,4
1982,11,6,1982.8493,5
1982,11,13,1982.8685,18
1982,11,20,1982.8877,2
1982,11,27,1982.9068,16
1982,12,4,1982.9260,7
1982,12,11,1982.9452,2
1982,12,18,1982.9644,6
1982,12,25,1982.9836,6
1983,1,1,1983.0027,10
1983,1,8,1983.0219,4
1983,1,15,1983.0411,3
1983,1,22,1983.0603,8
1983,1,29,1983.0795,11
1983,2,5,1983.0986,1
1983,2,12,1983.1178,35
1983,2,19,1983.1370,14
1983,2,26,1983.1562,7
1983,3,5,1983.1753,7
1983,3,12,1983.1945,15
1983,3,19,1983.2137,18
1983,3,26,1983.2329,10
1983,4,2,1983.2521,20
1983,4,9,1983.2712,21
1983,4,16,1983.2904,20
1983,4,23,1983.3096,12
1983,4,30,1983.3288,26
1983,5,7,1983.3479,30
1983,5,14,1983.3671,24
1983,5,21,1983.3863,22
1983,5,28,1983.4055,83
1983,6,4,1983.4247,13
1983,6,11,1983.4438,559
1983,6,18,1983.4630,10
1983,6,25,1983.4822,21
1983,7,2,1983.5014,5
1983,7,9,1983.5205,15
1983,7,16,1983.5397,2
1983,7,23,1983.5589,15
1983,7,30,1983.5781,3
1983,8,6,1983.5973,18
1983,8,13,1983.6164,5
1983,8,20,1983.6356,5
1983,8,27,1983.6548,5
1983,9,3,1983.6740,1
1983,9,10,1983.6932,4
1983,9,17,1983.7123,5
1983,9,24,1983.7315,2
1983,10,1,1983.7507,6
1983,10,8,1983.7699,4
1983,10,15,1983.7890,4
1983,10,22,1983.8082,8
1983,10,29,1983.8274,11
1983,11,5,1983.8466,3
1983,11,12,1983.8658,9
1983,11,19,1983.8849,6
1983,11,26,1983.9041,6
1983,12,3,1983.9233,1
1983,12,10,1983.9425,0
1983,12,17,1983.9616,0
1983,12,24,1983.9808,5
1983,12,31,1984.0000,4
1984,1,7,1984.0192,13
1984,1,14,1984.0384,4
1984,1,21,1984.0575,6
1984,1,28,1984.0767,6
1984,2,4,1984.0959,4
1984,2,11,1984.1151,8
1984,2,18,1984.1342,8
1984,2,25,1984.1534,4
1984,3,3,1984.1726,4
1984,3,10,1984.1918,18
1984,3,17,1984.2110,7
1984,3,24,1984.2301,7
1984,3,31,1984.2493,7
1984,4,7,1984.2685,6
1984,4,14,1984.2877,6
1984,4,21,1984.3068,10
1984,4,28,1984.3260,8
1984,5,5,1984.3452,8
1984,5,12,1984.3644,13
1984,5,19,1984.3836,6
1984,5,26,1984.4027,9
1984,6,2,1984.4219,21
1984,6,9,1984.4411,7
1984,6,16,1984.4603,11
1984,6,23,1984.4795,4
1984,6,30,1984.4986,3
1984,7,7,1984.5178,7
1984,7,14,1984.5370,2
1984,7,21,1984.5562,3
1984,7,28,1984.5753,5
1984,8,4,1984.5945,1
1984,8,11,1984.6137,2
1984,8,18,1984.6329,4
1984,8,25,1984.6521,2
1984,9,1,1984.6712,2
1984,9,8,1984.6904,5
1984,9,15,1984.7096,2
1984,9,22,1984.7288,4
1984,9,29,1984.7479,1
1984,10,6,1984.7671,0
1984,10,13,1984.7863,3
1984,10,20,1984.8055,5
1984,10,27,1984.8247,1
1984,11,3,1984.8438,6
1984,11,10,1984.8630,6
1984,11,17,1984.8822,6
1984,11,24,1984.9014,13
1984,12,1,1984.9205,6
1984,12,8,1984.9397,7
1984,12,15,1984.9589,8
1984,12,22,1984.9781,6
1984,12,29,1984.9973,1
1985,1,5,1985.0137,3
1985,1,12,1985.0329,6
1985,1,19,1985.0521,4
1985,1,26,1985.0712,5
1985,2,2,1985.0904,8
1985,2,9,1985.1096,5
1985,2,16,1985.1288,11
1985,2,23,1985.1479,11
1985,3,2,1985.1671,6
1985,3,9,1985.1863,7
1985,3,16,1985.2055,7
1985,3,23,1985.2247,12
1985,3,30,1985.2438,19
1985,4,6,1985.2630,9
1985,4,13,1985.2822,23
1985,4,20,1985.3014,9
1985,4,27,1985.3205,14
1985,5,4,1985.3397,14
1985,5,11,1985.3589,10
1985,5,18,1985.3781,13
1985,5,25,1985.3973,15
1985,6,1,1985.4164,4
1985,6,8,1985.4356,12
1985,6,15,1985.4548,15
1985,6,22,1985.4740,12
1985,6,29,1985.4932,6
1985,7,6,1985.5123,10
1985,7,13,1985.5315,4
1985,7,20,1985.5507,3
1985,7,27,1985.5699,10
1985,8,3,1985.5890,3
1985,8,10,1985.6082,3
1985,8,17,1985.6274,2
1985,8,24,1985.6466,3
1985,8,31,1985.6658,2
1985,9,7,1985.6849,5
1985,9,14,1985.7041,2
1985,9,21,1985.7233,5
1985,9,28,1985.7425,3
1985,10,5,1985.7616,4
1985,10,12,1985.7808,2
1985,10,19,1985.8000,10
1985,10,26,1985.8192,4
1985,11,2,1985.8384,4
1985,11,9,1985.8575,7
1985,11,16,1985.8767,4
1985,11,23,1985.8959,5
1985,11,30,1985.9151,13
1985,12,7,1985.9342,3
1985,12,14,1985.9534,5
1985,12,21,1985.9726,8
1985,12,28,1985.9918,2
1986,1,4,1986.0110,6
1986,1,11,1986.0301,4
1986,1,18,1986.0493,5
1986,1,25,1986.0685,2
1986,2,1,1986.0877,7
1986,2,8,1986.1068,14
1986,2,15,1986.1260,5
1986,2,22,1986.1452,7
1986,3,1,1986.1644,8
1986,3,8,1986.1836,2
1986,3,15,1986.2027,6
1986,3,22,1986.2219,7
1986,3,29,1986.2411,3
1986,4,5,1986.2603,7
1986,4,12,1986.2795,10
1986,4,19,1986.2986,4
1986,4,26,1986.3178,4
1986,5,3,1986.3370,2
1986,5,10,1986.3562,7
1986,5,17,1986.3753,12
1986,5,24,1986.3945,8
1986,5,31,1986.4137,5
1986,6,7,1986.4329,5
1986,6,14,1986.4521,8
1986,6,21,1986.4712,13
1986,6,28,1986.4904,2
1986,7,5,1986.5096,10
1986,7,12,1986.5288,3
1986,7,19,1986.5479,3
1986,7,26,1986.5671,2
1986,8,2,1986.5863,0
1986,8,9,1986.6055,1
1986,8,16,1986.6247,0
1986,8,23,1986.6438,0
1986,8,30,1986.6630,3
1986,9,6,1986.6822,2
1986,9,13,1986.7014,1
1986,9,20,1986.7205,4
1986,9,27,1986.7397,3
1986,10,4,1986.7589,4
1986,10,11,1986.7781,1
1986,10,18,1986.7973,6
1986,10,25,1986.8164,1
1986,11,1,1986.8356,1
1986,11,8,1986.8548,11
1986,11,15,1986.8740,7
1986,11,22,1986.8932,9
1986,11,29,1986.9123,6
1986,12,6,1986.9315,3
1986,12,13,1986.9507,7
1986,12,20,1986.9699,2
1986,12,27,1986.9890,1
1987,1,3,1987.0082,3
1987,1,10,1987.0274,12
1987,1,17,1987.0466,5
1987,1,24,1987.0658,6
1987,1,31,1987.0849,6
1987,2,7,1987.1041,7
1987,2,14,1987.1233,10
1987,2,21,1987.1425,7
1987,2,28,1987.1616,11
1987,3,7,1987.1808,11
1987,3,14,1987.2000,6
1987,3,21,1987.2192,6
1987,3,28,1987.2384,2
1987,4,4,1987.2575,1
1987,4,11,1987.2767,0
1987,4,18,1987.2959,7
1987,4,25,1987.3151,3
1987,5,2,1987.3342,7
1987,5,9,1987.3534,6
1987,5,16,1987.3726,15
1987,5,23,1987.3918,8
1987,5,30,1987.4110,5
1987,6,6,1987.4301,9
1987,6,13,1987.4493,10
1987,6,20,1987.4685,3
1987,6,27,1987.4877,12
1987,7,4,1987.5068,6
1987,7,11,1987.5260,5
1987,7,18,1987.5452,5
1987,7,25,1987.5644,4
1987,8,1,1987.5836,2
1987,8,8,1987.6027,4
1987,8,15,1987.6219,1
1987,8,22,1987.6411,2
1987,8,29,1987.6603,4
1987,9,5,1987.6795,1
1987,9,12,1987.6986,4
1987,9,19,1987.7178,0
1987,9,26,1987.7370,1
1987,10,3,1987.7562,4
1987,10,10,1987.7753,1
1987,10,17,1987.7945,4
1987,10,24,1987.8137,3
1987,10,31,1987.8329,5
1987,11,7,1987.8521,3
1987,11,14,1987.8712,4
1987,11,21,1987.8904,3
1987,11,28,1987.9096,3
1987,12,5,1987.9288,2
1987,12,12,1987.9479,6
1987,12,19,1987.9671,3
1987,12,26,1987.9863,2
1988,1,2,1988.0055,3
1988,1,9,1988.0247,3
1988,1,16,1988.0438,0
1988,1,23,1988.0630,7
1988,1,30,1988.0822,1
1988,2,6,1988.1014,1
1988,2,13,1988.1205,4
1988,2,20,1988.1397,6
1988,2,27,1988.1589,1
1988,3,5,1988.1781,4
1988,3,12,1988.1973,2
1988,3,19,1988.2164,14
1988,3,26,1988.2356,0
1988,4,2,1988.2548,7
1988,4,9,1988.2740,3
1988,4,16,1988.2932,4
1988,4,23,1988.3123,5
1988,4,30,1988.3315,3
1988,5,7,1988.3507,7
1988,5,14,1988.3699,0
1988,5,21,1988.3890,1
1988,5,28,1988.4082,2
1988,6,4,1988.4274,3
1988,6,11,1988.4466,1
1988,6,18,1988.4658,1
1988,6,25,1988.4849,2
1988,7,2,1988.5041,4
1988,7,9,1988.5233,1
1988,7,16,1988.5425,2
1988,7,23,1988.5616,1
1988,7,30,1988.5808,1
1988,8,6,1988.6000,2
1988,8,13,1988.6192,1
1988,8,20,1988.6384,1
1988,8,27,1988.6575,2
1988,9,3,1988.6767,4
1988,9,10,1988.6959,0
1988,9,17,1988.7151,4
1988,9,24,1988.7342,2
1988,10,1,1988.7534,0
1988,10,8,1988.7726,0
1988,10,15,1988.7918,2
1988,10,22,1988.8110,7
1988,10,29,1988.8301,6
1988,11,5,1988.8493,3
1988,11,12,1988.8685,2
1988,11,19,1988.8877,0
1988,11,26,1988.9068,3
1988,12,3,1988.9260,0
1988,12,10,1988.9452,5
1988,12,17,1988.9644,1
1988,12,24,1988.9836,0
1988,12,31,1989.0027,0
1989,1,7,1989.0192,2
1989,1,14,1989.0384,3
1989,1,21,1989.0575,0
1989,1,28,1989.0767,2
1989,2,4,1989.0959,0
1989,2,11,1989.1151,2
1989,2,18,1989.1342,1
1989,2,25,1989.1534,5
1989,3,4,1989.1726,4
1989,3,11,1989.1918,2
1989,3,18,1989.2110,4
1989,3,25,1989.2301,2
1989,4,1,1989.2493,3
1989,4,8,1989.2685,7
1989,4,15,1989.2877,6
1989,4,22,1989.3068,3
1989,4,29,1989.3260,0
1989,5,6,1989.3452,5
1989,5,13,1989.3644,11
1989,5,20,1989.3836,9
1989,5,27,1989.4027,6
1989,6,3,1989.4219,5
1989,6,10,1989.4411,4
1989,6,17,1989.4603,7
1989,6,24,1989.4795,8
1989,7,1,1989.4986,7
1989,7,8,1989.5178,6
1989,7,15,1989.5370,6
1989,7,22,1989.5562,3
1989,7,29,1989.5753,0
1989,8,5,1989.5945,8
1989,8,12,1989.6137,1
1989,8,19,1989.6329,3
1989,8,26,1989.6521,2
1989,9,2,1989.6712,0
1989,9,9,1989.6904,2
1989,9,16,1989.7096,0
1989,9,23,1989.7288,3
1989,9,30,1989.7479,0
1989,10,7,1989.7671,2
1989,10,14,1989.7863,5
1989,10,21,1989.8055,2
1989,10,28,1989.8247,2
1989,11,4,1989.8438,0
1989,11,11,1989.8630,1
1989,11,18,1989.8822,0
1989,11,25,1989.9014,1
1989,12,2,1989.9205,2
1989,12,9,1989.9397,7
1989,12,16,1989.9589,0
1989,12,23,1989.9781,4
1989,12,30,1989.9973,2
